EdgeID,Type,IsDirected,Cardinality,UndirectedCardinality,TailCardinality,HeadCardinality
0,DocumentEdge,false,320,320,0,0
1,DocumentEdge,false,173,173,0,0
2,DocumentEdge,false,468,468,0,0
3,DocumentEdge,false,471,471,0,0
4,RelatedToEdge,false,88,88,0,0
5,RelatedToEdge,false,17,17,0,0
6,RelatedToEdge,false,49,49,0,0
7,RelatedToEdge,false,83,83,0,0
8,DocumentEdge,false,1016,1016,0,0
9,RelatedToEdge,false,282,282,0,0
10,DocumentEdge,false,365,365,0,0
11,RelatedToEdge,false,29,29,0,0
12,DocumentEdge,false,2640,2640,0,0
13,DocumentEdge,false,104,104,0,0
14,RelatedToEdge,false,13,13,0,0
15,RelatedToEdge,false,1010,1010,0,0
16,DocumentEdge,false,234,234,0,0
17,RelatedToEdge,false,19,19,0,0
18,DocumentEdge,false,101,101,0,0
19,RelatedToEdge,false,12,12,0,0
20,DocumentEdge,false,982,982,0,0
21,RelatedToEdge,false,151,151,0,0
22,DocumentEdge,false,786,786,0,0
23,RelatedToEdge,false,107,107,0,0
24,DocumentEdge,false,440,440,0,0
25,RelatedToEdge,false,29,29,0,0
26,DocumentEdge,false,520,520,0,0
27,RelatedToEdge,false,45,45,0,0
28,DocumentEdge,false,1123,1123,0,0
29,RelatedToEdge,false,283,283,0,0
30,DocumentEdge,false,1817,1817,0,0
31,RelatedToEdge,false,229,229,0,0
32,DocumentEdge,false,826,826,0,0
33,RelatedToEdge,false,248,248,0,0
34,DocumentEdge,false,113,113,0,0
35,RelatedToEdge,false,12,12,0,0
36,DocumentEdge,false,1341,1341,0,0
37,RelatedToEdge,false,247,247,0,0
38,DocumentEdge,false,376,376,0,0
39,RelatedToEdge,false,20,20,0,0
40,DocumentEdge,false,221,221,0,0
41,RelatedToEdge,false,21,21,0,0
42,DocumentEdge,false,365,365,0,0
43,RelatedToEdge,false,162,162,0,0
44,DocumentEdge,false,123,123,0,0
45,RelatedToEdge,false,28,28,0,0
46,DocumentEdge,false,782,782,0,0
47,RelatedToEdge,false,77,77,0,0
48,DocumentEdge,false,1427,1427,0,0
49,RelatedToEdge,false,199,199,0,0
50,ContainedInEdge,true,2,0,1,1
51,ContainedInEdge,true,2,0,1,1
52,ContainedInEdge,true,4,0,3,1
53,ContainedInEdge,true,3,0,2,1
54,ContainedInEdge,true,2,0,1,1
55,ContainedInEdge,true,3,0,2,1
56,ContainedInEdge,true,2,0,1,1
57,ContainedInEdge,true,3,0,2,1
58,ContainedInEdge,true,3,0,2,1
59,ContainedInEdge,true,3,0,2,1
60,ContainedInEdge,true,2,0,1,1
61,ContainedInEdge,true,3,0,2,1
62,ContainedInEdge,true,4,0,3,1
63,ContainedInEdge,true,2,0,1,1
64,ContainedInEdge,true,2,0,1,1
65,ContainedInEdge,true,3,0,2,1
66,ContainedInEdge,true,2,0,1,1
67,ContainedInEdge,true,3,0,2,1
68,ContainedInEdge,true,3,0,2,1
69,ContainedInEdge,true,4,0,3,1
70,ContainedInEdge,true,3,0,2,1
71,ContainedInEdge,true,3,0,2,1
72,ContainedInEdge,true,2,0,1,1
73,ContainedInEdge,true,2,0,1,1
74,ContainedInEdge,true,2,0,1,1
75,ContainedInEdge,true,2,0,1,1
76,ContainedInEdge,true,2,0,1,1
77,ContainedInEdge,true,2,0,1,1
78,ContainedInEdge,true,2,0,1,1
79,ContainedInEdge,true,3,0,2,1
80,ContainedInEdge,true,2,0,1,1
81,ContainedInEdge,true,2,0,1,1
82,ContainedInEdge,true,2,0,1,1
83,ContainedInEdge,true,3,0,2,1
84,ContainedInEdge,true,3,0,2,1
85,ContainedInEdge,true,3,0,2,1
86,ContainedInEdge,true,3,0,2,1
87,ContainedInEdge,true,3,0,2,1
88,ContainedInEdge,true,3,0,2,1
89,ContainedInEdge,true,2,0,1,1
90,ContainedInEdge,true,3,0,2,1
91,ContainedInEdge,true,2,0,1,1
92,ContainedInEdge,true,2,0,1,1
93,ContainedInEdge,true,4,0,3,1
94,ContainedInEdge,true,2,0,1,1
95,ContainedInEdge,true,4,0,3,1
96,ContainedInEdge,true,3,0,2,1
97,ContainedInEdge,true,2,0,1,1
98,ContainedInEdge,true,2,0,1,1
99,ContainedInEdge,true,2,0,1,1
100,ContainedInEdge,true,4,0,3,1
101,ContainedInEdge,true,2,0,1,1
102,ContainedInEdge,true,2,0,1,1
103,ContainedInEdge,true,2,0,1,1
104,ContainedInEdge,true,2,0,1,1
105,ContainedInEdge,true,2,0,1,1
106,ContainedInEdge,true,2,0,1,1
107,ContainedInEdge,true,2,0,1,1
108,ContainedInEdge,true,2,0,1,1
109,ContainedInEdge,true,2,0,1,1
110,ContainedInEdge,true,3,0,2,1
111,ContainedInEdge,true,2,0,1,1
112,ContainedInEdge,true,2,0,1,1
113,ContainedInEdge,true,2,0,1,1
114,ContainedInEdge,true,2,0,1,1
115,ContainedInEdge,true,2,0,1,1
116,ContainedInEdge,true,2,0,1,1
117,ContainedInEdge,true,3,0,2,1
118,ContainedInEdge,true,3,0,2,1
119,ContainedInEdge,true,2,0,1,1
120,ContainedInEdge,true,3,0,2,1
121,ContainedInEdge,true,4,0,3,1
122,ContainedInEdge,true,2,0,1,1
123,ContainedInEdge,true,3,0,2,1
124,ContainedInEdge,true,3,0,2,1
125,ContainedInEdge,true,2,0,1,1
126,ContainedInEdge,true,2,0,1,1
127,ContainedInEdge,true,2,0,1,1
128,ContainedInEdge,true,2,0,1,1
129,ContainedInEdge,true,2,0,1,1
130,ContainedInEdge,true,2,0,1,1
131,ContainedInEdge,true,2,0,1,1
132,ContainedInEdge,true,2,0,1,1
133,ContainedInEdge,true,2,0,1,1
134,ContainedInEdge,true,2,0,1,1
135,ContainedInEdge,true,3,0,2,1
136,ContainedInEdge,true,3,0,2,1
137,ContainedInEdge,true,2,0,1,1
138,ContainedInEdge,true,2,0,1,1
139,ContainedInEdge,true,3,0,2,1
140,ContainedInEdge,true,3,0,2,1
141,ContainedInEdge,true,2,0,1,1
142,ContainedInEdge,true,2,0,1,1
143,ContainedInEdge,true,2,0,1,1
144,ContainedInEdge,true,2,0,1,1
145,ContainedInEdge,true,3,0,2,1
146,ContainedInEdge,true,2,0,1,1
147,ContainedInEdge,true,3,0,2,1
148,ContainedInEdge,true,4,0,3,1
149,ContainedInEdge,true,4,0,3,1
150,ContainedInEdge,true,3,0,2,1
151,ContainedInEdge,true,2,0,1,1
152,ContainedInEdge,true,2,0,1,1
153,ContainedInEdge,true,3,0,2,1
154,ContainedInEdge,true,2,0,1,1
155,ContainedInEdge,true,3,0,2,1
156,ContainedInEdge,true,3,0,2,1
157,ContainedInEdge,true,2,0,1,1
158,ContainedInEdge,true,2,0,1,1
159,ContainedInEdge,true,3,0,2,1
160,ContainedInEdge,true,3,0,2,1
161,ContainedInEdge,true,3,0,2,1
162,ContainedInEdge,true,3,0,2,1
163,ContainedInEdge,true,3,0,2,1
164,ContainedInEdge,true,2,0,1,1
165,ContainedInEdge,true,2,0,1,1
166,ContainedInEdge,true,2,0,1,1
167,ContainedInEdge,true,2,0,1,1
168,ContainedInEdge,true,2,0,1,1
169,ContainedInEdge,true,2,0,1,1
170,ContainedInEdge,true,2,0,1,1
171,ContainedInEdge,true,3,0,2,1
172,ContainedInEdge,true,2,0,1,1
173,ContainedInEdge,true,2,0,1,1
174,ContainedInEdge,true,2,0,1,1
175,ContainedInEdge,true,2,0,1,1
176,ContainedInEdge,true,2,0,1,1
177,ContainedInEdge,true,2,0,1,1
178,ContainedInEdge,true,2,0,1,1
179,ContainedInEdge,true,2,0,1,1
180,ContainedInEdge,true,2,0,1,1
181,ContainedInEdge,true,2,0,1,1
182,ContainedInEdge,true,2,0,1,1
183,ContainedInEdge,true,2,0,1,1
184,ContainedInEdge,true,3,0,2,1
185,ContainedInEdge,true,2,0,1,1
186,ContainedInEdge,true,2,0,1,1
187,ContainedInEdge,true,2,0,1,1
188,ContainedInEdge,true,2,0,1,1
189,ContainedInEdge,true,2,0,1,1
190,ContainedInEdge,true,3,0,2,1
191,ContainedInEdge,true,3,0,2,1
192,ContainedInEdge,true,2,0,1,1
193,ContainedInEdge,true,2,0,1,1
194,ContainedInEdge,true,3,0,2,1
195,ContainedInEdge,true,2,0,1,1
196,ContainedInEdge,true,3,0,2,1
197,ContainedInEdge,true,3,0,2,1
198,ContainedInEdge,true,3,0,2,1
199,ContainedInEdge,true,2,0,1,1
200,ContainedInEdge,true,2,0,1,1
201,ContainedInEdge,true,3,0,2,1
202,ContainedInEdge,true,2,0,1,1
203,ContainedInEdge,true,3,0,2,1
204,ContainedInEdge,true,2,0,1,1
205,ContainedInEdge,true,2,0,1,1
206,ContainedInEdge,true,2,0,1,1
207,ContainedInEdge,true,2,0,1,1
208,ContainedInEdge,true,2,0,1,1
209,ContainedInEdge,true,2,0,1,1
210,ContainedInEdge,true,3,0,2,1
211,ContainedInEdge,true,2,0,1,1
212,ContainedInEdge,true,3,0,2,1
213,ContainedInEdge,true,2,0,1,1
214,ContainedInEdge,true,2,0,1,1
215,ContainedInEdge,true,4,0,3,1
216,ContainedInEdge,true,2,0,1,1
217,ContainedInEdge,true,2,0,1,1
218,ContainedInEdge,true,3,0,2,1
219,ContainedInEdge,true,2,0,1,1
220,ContainedInEdge,true,3,0,2,1
221,ContainedInEdge,true,2,0,1,1
222,ContainedInEdge,true,2,0,1,1
223,ContainedInEdge,true,2,0,1,1
224,ContainedInEdge,true,2,0,1,1
225,ContainedInEdge,true,2,0,1,1
226,ContainedInEdge,true,2,0,1,1
227,ContainedInEdge,true,4,0,3,1
228,ContainedInEdge,true,2,0,1,1
229,ContainedInEdge,true,2,0,1,1
230,ContainedInEdge,true,3,0,2,1
231,ContainedInEdge,true,2,0,1,1
232,ContainedInEdge,true,2,0,1,1
233,ContainedInEdge,true,2,0,1,1
234,ContainedInEdge,true,2,0,1,1
235,ContainedInEdge,true,2,0,1,1
236,ContainedInEdge,true,2,0,1,1
237,ContainedInEdge,true,2,0,1,1
238,ContainedInEdge,true,3,0,2,1
239,ContainedInEdge,true,3,0,2,1
240,ContainedInEdge,true,2,0,1,1
241,ContainedInEdge,true,2,0,1,1
242,ContainedInEdge,true,3,0,2,1
243,ContainedInEdge,true,2,0,1,1
244,ContainedInEdge,true,2,0,1,1
245,ContainedInEdge,true,2,0,1,1
246,ContainedInEdge,true,2,0,1,1
247,ContainedInEdge,true,2,0,1,1
248,ContainedInEdge,true,3,0,2,1
249,ContainedInEdge,true,2,0,1,1
250,ContainedInEdge,true,2,0,1,1
251,ContainedInEdge,true,2,0,1,1
252,ContainedInEdge,true,3,0,2,1
253,ContainedInEdge,true,3,0,2,1
254,ContainedInEdge,true,3,0,2,1
255,ContainedInEdge,true,3,0,2,1
256,ContainedInEdge,true,4,0,3,1
257,ContainedInEdge,true,2,0,1,1
258,ContainedInEdge,true,3,0,2,1
259,ContainedInEdge,true,2,0,1,1
260,ContainedInEdge,true,4,0,3,1
261,ContainedInEdge,true,4,0,3,1
262,ContainedInEdge,true,2,0,1,1
263,ContainedInEdge,true,2,0,1,1
264,ContainedInEdge,true,2,0,1,1
265,ContainedInEdge,true,2,0,1,1
266,ContainedInEdge,true,3,0,2,1
267,ContainedInEdge,true,2,0,1,1
268,ContainedInEdge,true,3,0,2,1
269,ContainedInEdge,true,2,0,1,1
270,ContainedInEdge,true,3,0,2,1
271,ContainedInEdge,true,3,0,2,1
272,ContainedInEdge,true,2,0,1,1
273,ContainedInEdge,true,2,0,1,1
274,ContainedInEdge,true,2,0,1,1
275,ContainedInEdge,true,3,0,2,1
276,ContainedInEdge,true,2,0,1,1
277,ContainedInEdge,true,2,0,1,1
278,ContainedInEdge,true,3,0,2,1
279,ContainedInEdge,true,2,0,1,1
280,ContainedInEdge,true,2,0,1,1
281,ContainedInEdge,true,3,0,2,1
282,ContainedInEdge,true,3,0,2,1
283,ContainedInEdge,true,3,0,2,1
284,ContainedInEdge,true,3,0,2,1
285,ContainedInEdge,true,3,0,2,1
286,ContainedInEdge,true,2,0,1,1
287,ContainedInEdge,true,2,0,1,1
288,ContainedInEdge,true,2,0,1,1
289,ContainedInEdge,true,2,0,1,1
290,ContainedInEdge,true,2,0,1,1
291,ContainedInEdge,true,2,0,1,1
292,ContainedInEdge,true,2,0,1,1
293,ContainedInEdge,true,2,0,1,1
294,ContainedInEdge,true,2,0,1,1
295,ContainedInEdge,true,2,0,1,1
296,ContainedInEdge,true,2,0,1,1
297,ContainedInEdge,true,2,0,1,1
298,ContainedInEdge,true,2,0,1,1
299,ContainedInEdge,true,2,0,1,1
300,ContainedInEdge,true,2,0,1,1
301,ContainedInEdge,true,2,0,1,1
302,ContainedInEdge,true,2,0,1,1
303,ContainedInEdge,true,2,0,1,1
304,ContainedInEdge,true,2,0,1,1
305,ContainedInEdge,true,2,0,1,1
306,ContainedInEdge,true,2,0,1,1
307,ContainedInEdge,true,2,0,1,1
308,ContainedInEdge,true,2,0,1,1
309,ContainedInEdge,true,2,0,1,1
310,ContainedInEdge,true,2,0,1,1
311,ContainedInEdge,true,3,0,2,1
312,ContainedInEdge,true,2,0,1,1
313,ContainedInEdge,true,2,0,1,1
314,ContainedInEdge,true,2,0,1,1
315,ContainedInEdge,true,2,0,1,1
316,ContainedInEdge,true,3,0,2,1
317,ContainedInEdge,true,2,0,1,1
318,ContainedInEdge,true,2,0,1,1
319,ContainedInEdge,true,2,0,1,1
320,ContainedInEdge,true,2,0,1,1
321,ContainedInEdge,true,2,0,1,1
322,ContainedInEdge,true,3,0,2,1
323,ContainedInEdge,true,2,0,1,1
324,ContainedInEdge,true,3,0,2,1
325,ContainedInEdge,true,2,0,1,1
326,ContainedInEdge,true,2,0,1,1
327,ContainedInEdge,true,2,0,1,1
328,ContainedInEdge,true,2,0,1,1
329,ContainedInEdge,true,2,0,1,1
330,ContainedInEdge,true,2,0,1,1
331,ContainedInEdge,true,3,0,2,1
332,ContainedInEdge,true,2,0,1,1
333,ContainedInEdge,true,2,0,1,1
334,ContainedInEdge,true,2,0,1,1
335,ContainedInEdge,true,2,0,1,1
336,ContainedInEdge,true,3,0,2,1
337,ContainedInEdge,true,2,0,1,1
338,ContainedInEdge,true,2,0,1,1
339,ContainedInEdge,true,2,0,1,1
340,ContainedInEdge,true,2,0,1,1
341,ContainedInEdge,true,2,0,1,1
342,ContainedInEdge,true,2,0,1,1
343,ContainedInEdge,true,2,0,1,1
344,ContainedInEdge,true,2,0,1,1
345,ContainedInEdge,true,3,0,2,1
346,ContainedInEdge,true,2,0,1,1
347,ContainedInEdge,true,2,0,1,1
348,ContainedInEdge,true,2,0,1,1
349,ContainedInEdge,true,2,0,1,1
350,ContainedInEdge,true,3,0,2,1
351,ContainedInEdge,true,3,0,2,1
352,ContainedInEdge,true,2,0,1,1
353,ContainedInEdge,true,2,0,1,1
354,ContainedInEdge,true,2,0,1,1
355,ContainedInEdge,true,2,0,1,1
356,ContainedInEdge,true,2,0,1,1
357,ContainedInEdge,true,2,0,1,1
358,ContainedInEdge,true,2,0,1,1
359,ContainedInEdge,true,2,0,1,1
360,ContainedInEdge,true,3,0,2,1
361,ContainedInEdge,true,2,0,1,1
362,ContainedInEdge,true,2,0,1,1
363,ContainedInEdge,true,3,0,2,1
364,ContainedInEdge,true,2,0,1,1
365,ContainedInEdge,true,3,0,2,1
366,ContainedInEdge,true,2,0,1,1
367,ContainedInEdge,true,2,0,1,1
368,ContainedInEdge,true,2,0,1,1
369,ContainedInEdge,true,2,0,1,1
370,ContainedInEdge,true,2,0,1,1
371,ContainedInEdge,true,3,0,2,1
372,ContainedInEdge,true,2,0,1,1
373,ContainedInEdge,true,4,0,3,1
374,ContainedInEdge,true,3,0,2,1
375,ContainedInEdge,true,2,0,1,1
376,ContainedInEdge,true,2,0,1,1
377,ContainedInEdge,true,2,0,1,1
378,ContainedInEdge,true,2,0,1,1
379,ContainedInEdge,true,3,0,2,1
380,ContainedInEdge,true,3,0,2,1
381,ContainedInEdge,true,2,0,1,1
382,ContainedInEdge,true,4,0,3,1
383,ContainedInEdge,true,2,0,1,1
384,ContainedInEdge,true,2,0,1,1
385,ContainedInEdge,true,2,0,1,1
386,ContainedInEdge,true,3,0,2,1
387,ContainedInEdge,true,2,0,1,1
388,ContainedInEdge,true,2,0,1,1
389,ContainedInEdge,true,3,0,2,1
390,ContainedInEdge,true,2,0,1,1
391,ContainedInEdge,true,2,0,1,1
392,ContainedInEdge,true,2,0,1,1
393,ContainedInEdge,true,2,0,1,1
394,ContainedInEdge,true,2,0,1,1
395,ContainedInEdge,true,5,0,4,1
396,ContainedInEdge,true,3,0,2,1
397,ContainedInEdge,true,3,0,2,1
398,ContainedInEdge,true,3,0,2,1
399,ContainedInEdge,true,2,0,1,1
400,ContainedInEdge,true,3,0,2,1
401,ContainedInEdge,true,3,0,2,1
402,ContainedInEdge,true,2,0,1,1
403,ContainedInEdge,true,2,0,1,1
404,ContainedInEdge,true,3,0,2,1
405,ContainedInEdge,true,3,0,2,1
406,ContainedInEdge,true,3,0,2,1
407,ContainedInEdge,true,2,0,1,1
408,ContainedInEdge,true,2,0,1,1
409,ContainedInEdge,true,2,0,1,1
410,ContainedInEdge,true,3,0,2,1
411,ContainedInEdge,true,2,0,1,1
412,ContainedInEdge,true,2,0,1,1
413,ContainedInEdge,true,2,0,1,1
414,ContainedInEdge,true,3,0,2,1
415,ContainedInEdge,true,2,0,1,1
416,ContainedInEdge,true,2,0,1,1
417,ContainedInEdge,true,3,0,2,1
418,ContainedInEdge,true,3,0,2,1
419,ContainedInEdge,true,3,0,2,1
420,ContainedInEdge,true,2,0,1,1
421,ContainedInEdge,true,3,0,2,1
422,ContainedInEdge,true,2,0,1,1
423,ContainedInEdge,true,2,0,1,1
424,ContainedInEdge,true,2,0,1,1
425,ContainedInEdge,true,3,0,2,1
426,ContainedInEdge,true,3,0,2,1
427,ContainedInEdge,true,2,0,1,1
428,ContainedInEdge,true,2,0,1,1
429,ContainedInEdge,true,2,0,1,1
430,ContainedInEdge,true,3,0,2,1
431,ContainedInEdge,true,3,0,2,1
432,ContainedInEdge,true,2,0,1,1
433,ContainedInEdge,true,2,0,1,1
434,ContainedInEdge,true,3,0,2,1
435,ContainedInEdge,true,3,0,2,1
436,ContainedInEdge,true,3,0,2,1
437,ContainedInEdge,true,3,0,2,1
438,ContainedInEdge,true,3,0,2,1
439,ContainedInEdge,true,2,0,1,1
440,ContainedInEdge,true,2,0,1,1
441,ContainedInEdge,true,2,0,1,1
442,ContainedInEdge,true,2,0,1,1
443,ContainedInEdge,true,3,0,2,1
444,ContainedInEdge,true,3,0,2,1
445,ContainedInEdge,true,2,0,1,1
446,ContainedInEdge,true,2,0,1,1
447,ContainedInEdge,true,2,0,1,1
448,ContainedInEdge,true,3,0,2,1
449,ContainedInEdge,true,3,0,2,1
450,ContainedInEdge,true,3,0,2,1
451,ContainedInEdge,true,2,0,1,1
452,ContainedInEdge,true,3,0,2,1
453,ContainedInEdge,true,3,0,2,1
454,ContainedInEdge,true,3,0,2,1
455,ContainedInEdge,true,2,0,1,1
456,ContainedInEdge,true,2,0,1,1
457,ContainedInEdge,true,3,0,2,1
458,ContainedInEdge,true,2,0,1,1
459,ContainedInEdge,true,3,0,2,1
460,ContainedInEdge,true,2,0,1,1
461,ContainedInEdge,true,3,0,2,1
462,ContainedInEdge,true,3,0,2,1
463,ContainedInEdge,true,3,0,2,1
464,ContainedInEdge,true,2,0,1,1
465,ContainedInEdge,true,3,0,2,1
466,ContainedInEdge,true,2,0,1,1
467,ContainedInEdge,true,2,0,1,1
468,ContainedInEdge,true,3,0,2,1
469,ContainedInEdge,true,3,0,2,1
470,ContainedInEdge,true,3,0,2,1
471,ContainedInEdge,true,3,0,2,1
472,ContainedInEdge,true,3,0,2,1
473,ContainedInEdge,true,3,0,2,1
474,ContainedInEdge,true,2,0,1,1
475,ContainedInEdge,true,3,0,2,1
476,ContainedInEdge,true,2,0,1,1
477,ContainedInEdge,true,2,0,1,1
478,ContainedInEdge,true,2,0,1,1
479,ContainedInEdge,true,3,0,2,1
480,ContainedInEdge,true,3,0,2,1
481,ContainedInEdge,true,3,0,2,1
482,ContainedInEdge,true,3,0,2,1
483,ContainedInEdge,true,2,0,1,1
484,ContainedInEdge,true,3,0,2,1
485,ContainedInEdge,true,3,0,2,1
486,ContainedInEdge,true,3,0,2,1
487,ContainedInEdge,true,3,0,2,1
488,ContainedInEdge,true,2,0,1,1
489,ContainedInEdge,true,3,0,2,1
490,ContainedInEdge,true,3,0,2,1
491,ContainedInEdge,true,2,0,1,1
492,ContainedInEdge,true,3,0,2,1
493,ContainedInEdge,true,3,0,2,1
494,ContainedInEdge,true,2,0,1,1
495,ContainedInEdge,true,3,0,2,1
496,ContainedInEdge,true,2,0,1,1
497,ContainedInEdge,true,2,0,1,1
498,ContainedInEdge,true,2,0,1,1
499,ContainedInEdge,true,2,0,1,1
500,ContainedInEdge,true,3,0,2,1
501,ContainedInEdge,true,3,0,2,1
502,ContainedInEdge,true,2,0,1,1
503,ContainedInEdge,true,2,0,1,1
504,ContainedInEdge,true,2,0,1,1
505,ContainedInEdge,true,2,0,1,1
506,ContainedInEdge,true,2,0,1,1
507,ContainedInEdge,true,3,0,2,1
508,ContainedInEdge,true,3,0,2,1
509,ContainedInEdge,true,3,0,2,1
510,ContainedInEdge,true,3,0,2,1
511,ContainedInEdge,true,3,0,2,1
512,ContainedInEdge,true,2,0,1,1
513,ContainedInEdge,true,3,0,2,1
514,ContainedInEdge,true,2,0,1,1
515,ContainedInEdge,true,3,0,2,1
516,ContainedInEdge,true,3,0,2,1
517,ContainedInEdge,true,3,0,2,1
518,ContainedInEdge,true,3,0,2,1
519,ContainedInEdge,true,3,0,2,1
520,ContainedInEdge,true,2,0,1,1
521,ContainedInEdge,true,3,0,2,1
522,ContainedInEdge,true,2,0,1,1
523,ContainedInEdge,true,3,0,2,1
524,ContainedInEdge,true,2,0,1,1
525,ContainedInEdge,true,3,0,2,1
526,ContainedInEdge,true,2,0,1,1
527,ContainedInEdge,true,2,0,1,1
528,ContainedInEdge,true,2,0,1,1
529,ContainedInEdge,true,3,0,2,1
530,ContainedInEdge,true,3,0,2,1
531,ContainedInEdge,true,2,0,1,1
532,ContainedInEdge,true,3,0,2,1
533,ContainedInEdge,true,3,0,2,1
534,ContainedInEdge,true,3,0,2,1
535,ContainedInEdge,true,3,0,2,1
536,ContainedInEdge,true,2,0,1,1
537,ContainedInEdge,true,2,0,1,1
538,ContainedInEdge,true,2,0,1,1
539,ContainedInEdge,true,3,0,2,1
540,ContainedInEdge,true,3,0,2,1
541,ContainedInEdge,true,2,0,1,1
542,ContainedInEdge,true,2,0,1,1
543,ContainedInEdge,true,3,0,2,1
544,ContainedInEdge,true,3,0,2,1
545,ContainedInEdge,true,2,0,1,1
546,ContainedInEdge,true,2,0,1,1
547,ContainedInEdge,true,2,0,1,1
548,ContainedInEdge,true,3,0,2,1
549,ContainedInEdge,true,3,0,2,1
550,ContainedInEdge,true,2,0,1,1
551,ContainedInEdge,true,2,0,1,1
552,ContainedInEdge,true,2,0,1,1
553,ContainedInEdge,true,2,0,1,1
554,ContainedInEdge,true,3,0,2,1
555,ContainedInEdge,true,3,0,2,1
556,ContainedInEdge,true,2,0,1,1
557,ContainedInEdge,true,3,0,2,1
558,ContainedInEdge,true,3,0,2,1
559,ContainedInEdge,true,2,0,1,1
560,ContainedInEdge,true,2,0,1,1
561,ContainedInEdge,true,2,0,1,1
562,ContainedInEdge,true,3,0,2,1
563,ContainedInEdge,true,2,0,1,1
564,ContainedInEdge,true,2,0,1,1
565,ContainedInEdge,true,2,0,1,1
566,ContainedInEdge,true,3,0,2,1
567,ContainedInEdge,true,3,0,2,1
568,ContainedInEdge,true,3,0,2,1
569,ContainedInEdge,true,2,0,1,1
570,ContainedInEdge,true,2,0,1,1
571,ContainedInEdge,true,2,0,1,1
572,ContainedInEdge,true,2,0,1,1
573,ContainedInEdge,true,3,0,2,1
574,ContainedInEdge,true,2,0,1,1
575,ContainedInEdge,true,3,0,2,1
576,ContainedInEdge,true,3,0,2,1
577,ContainedInEdge,true,3,0,2,1
578,ContainedInEdge,true,4,0,3,1
579,ContainedInEdge,true,2,0,1,1
580,ContainedInEdge,true,3,0,2,1
581,ContainedInEdge,true,3,0,2,1
582,ContainedInEdge,true,3,0,2,1
583,ContainedInEdge,true,3,0,2,1
584,ContainedInEdge,true,3,0,2,1
585,ContainedInEdge,true,3,0,2,1
586,ContainedInEdge,true,3,0,2,1
587,ContainedInEdge,true,3,0,2,1
588,ContainedInEdge,true,3,0,2,1
589,ContainedInEdge,true,3,0,2,1
590,ContainedInEdge,true,3,0,2,1
591,ContainedInEdge,true,3,0,2,1
592,ContainedInEdge,true,3,0,2,1
593,ContainedInEdge,true,3,0,2,1
594,ContainedInEdge,true,2,0,1,1
595,ContainedInEdge,true,2,0,1,1
596,ContainedInEdge,true,3,0,2,1
597,ContainedInEdge,true,3,0,2,1
598,ContainedInEdge,true,3,0,2,1
599,ContainedInEdge,true,2,0,1,1
600,ContainedInEdge,true,2,0,1,1
601,ContainedInEdge,true,2,0,1,1
602,ContainedInEdge,true,3,0,2,1
603,ContainedInEdge,true,2,0,1,1
604,ContainedInEdge,true,3,0,2,1
605,ContainedInEdge,true,2,0,1,1
606,ContainedInEdge,true,2,0,1,1
607,ContainedInEdge,true,2,0,1,1
608,ContainedInEdge,true,3,0,2,1
609,ContainedInEdge,true,2,0,1,1
610,ContainedInEdge,true,2,0,1,1
611,ContainedInEdge,true,2,0,1,1
612,ContainedInEdge,true,4,0,3,1
613,ContainedInEdge,true,3,0,2,1
614,ContainedInEdge,true,2,0,1,1
615,ContainedInEdge,true,3,0,2,1
616,ContainedInEdge,true,2,0,1,1
617,ContainedInEdge,true,2,0,1,1
618,ContainedInEdge,true,3,0,2,1
619,ContainedInEdge,true,3,0,2,1
620,ContainedInEdge,true,3,0,2,1
621,ContainedInEdge,true,3,0,2,1
622,ContainedInEdge,true,2,0,1,1
623,ContainedInEdge,true,2,0,1,1
624,ContainedInEdge,true,2,0,1,1
625,ContainedInEdge,true,3,0,2,1
626,ContainedInEdge,true,2,0,1,1
627,ContainedInEdge,true,3,0,2,1
628,ContainedInEdge,true,3,0,2,1
629,ContainedInEdge,true,2,0,1,1
630,ContainedInEdge,true,3,0,2,1
631,ContainedInEdge,true,3,0,2,1
632,ContainedInEdge,true,2,0,1,1
633,ContainedInEdge,true,2,0,1,1
634,ContainedInEdge,true,2,0,1,1
635,ContainedInEdge,true,2,0,1,1
636,ContainedInEdge,true,2,0,1,1
637,ContainedInEdge,true,2,0,1,1
638,ContainedInEdge,true,2,0,1,1
639,ContainedInEdge,true,2,0,1,1
640,ContainedInEdge,true,3,0,2,1
641,ContainedInEdge,true,2,0,1,1
642,ContainedInEdge,true,2,0,1,1
643,ContainedInEdge,true,3,0,2,1
644,ContainedInEdge,true,3,0,2,1
645,ContainedInEdge,true,2,0,1,1
646,ContainedInEdge,true,3,0,2,1
647,ContainedInEdge,true,2,0,1,1
648,ContainedInEdge,true,2,0,1,1
649,ContainedInEdge,true,3,0,2,1
650,ContainedInEdge,true,2,0,1,1
651,ContainedInEdge,true,2,0,1,1
652,ContainedInEdge,true,3,0,2,1
653,ContainedInEdge,true,2,0,1,1
654,ContainedInEdge,true,3,0,2,1
655,ContainedInEdge,true,2,0,1,1
656,ContainedInEdge,true,3,0,2,1
657,ContainedInEdge,true,3,0,2,1
658,ContainedInEdge,true,2,0,1,1
659,ContainedInEdge,true,3,0,2,1
660,ContainedInEdge,true,3,0,2,1
661,ContainedInEdge,true,2,0,1,1
662,ContainedInEdge,true,3,0,2,1
663,ContainedInEdge,true,2,0,1,1
664,ContainedInEdge,true,3,0,2,1
665,ContainedInEdge,true,3,0,2,1
666,ContainedInEdge,true,3,0,2,1
667,ContainedInEdge,true,2,0,1,1
668,ContainedInEdge,true,3,0,2,1
669,ContainedInEdge,true,2,0,1,1
670,ContainedInEdge,true,3,0,2,1
671,ContainedInEdge,true,2,0,1,1
672,ContainedInEdge,true,3,0,2,1
673,ContainedInEdge,true,2,0,1,1
674,ContainedInEdge,true,2,0,1,1
675,ContainedInEdge,true,3,0,2,1
676,ContainedInEdge,true,2,0,1,1
677,ContainedInEdge,true,3,0,2,1
678,ContainedInEdge,true,3,0,2,1
679,ContainedInEdge,true,3,0,2,1
680,ContainedInEdge,true,3,0,2,1
681,ContainedInEdge,true,3,0,2,1
682,ContainedInEdge,true,3,0,2,1
683,ContainedInEdge,true,2,0,1,1
684,ContainedInEdge,true,2,0,1,1
685,ContainedInEdge,true,3,0,2,1
686,ContainedInEdge,true,3,0,2,1
687,ContainedInEdge,true,2,0,1,1
688,ContainedInEdge,true,2,0,1,1
689,ContainedInEdge,true,2,0,1,1
690,ContainedInEdge,true,2,0,1,1
691,ContainedInEdge,true,3,0,2,1
692,ContainedInEdge,true,2,0,1,1
693,ContainedInEdge,true,2,0,1,1
694,ContainedInEdge,true,2,0,1,1
695,ContainedInEdge,true,2,0,1,1
696,ContainedInEdge,true,2,0,1,1
697,ContainedInEdge,true,2,0,1,1
698,ContainedInEdge,true,3,0,2,1
699,ContainedInEdge,true,2,0,1,1
700,ContainedInEdge,true,2,0,1,1
701,ContainedInEdge,true,3,0,2,1
702,ContainedInEdge,true,2,0,1,1
703,ContainedInEdge,true,3,0,2,1
704,ContainedInEdge,true,3,0,2,1
705,ContainedInEdge,true,3,0,2,1
706,ContainedInEdge,true,2,0,1,1
707,ContainedInEdge,true,2,0,1,1
708,ContainedInEdge,true,2,0,1,1
709,ContainedInEdge,true,2,0,1,1
710,ContainedInEdge,true,4,0,3,1
711,ContainedInEdge,true,3,0,2,1
712,ContainedInEdge,true,3,0,2,1
713,ContainedInEdge,true,3,0,2,1
714,ContainedInEdge,true,3,0,2,1
715,ContainedInEdge,true,3,0,2,1
716,ContainedInEdge,true,3,0,2,1
717,ContainedInEdge,true,2,0,1,1
718,ContainedInEdge,true,3,0,2,1
719,ContainedInEdge,true,2,0,1,1
720,ContainedInEdge,true,3,0,2,1
721,ContainedInEdge,true,2,0,1,1
722,ContainedInEdge,true,4,0,3,1
723,ContainedInEdge,true,3,0,2,1
724,ContainedInEdge,true,3,0,2,1
725,ContainedInEdge,true,2,0,1,1
726,ContainedInEdge,true,3,0,2,1
727,ContainedInEdge,true,2,0,1,1
728,ContainedInEdge,true,2,0,1,1
729,ContainedInEdge,true,2,0,1,1
730,ContainedInEdge,true,2,0,1,1
731,ContainedInEdge,true,2,0,1,1
732,ContainedInEdge,true,2,0,1,1
733,ContainedInEdge,true,2,0,1,1
734,ContainedInEdge,true,3,0,2,1
735,ContainedInEdge,true,2,0,1,1
736,ContainedInEdge,true,3,0,2,1
737,ContainedInEdge,true,3,0,2,1
738,ContainedInEdge,true,2,0,1,1
739,ContainedInEdge,true,3,0,2,1
740,ContainedInEdge,true,3,0,2,1
741,ContainedInEdge,true,3,0,2,1
742,ContainedInEdge,true,3,0,2,1
743,ContainedInEdge,true,2,0,1,1
744,ContainedInEdge,true,3,0,2,1
745,ContainedInEdge,true,2,0,1,1
746,ContainedInEdge,true,2,0,1,1
747,ContainedInEdge,true,2,0,1,1
748,ContainedInEdge,true,3,0,2,1
749,ContainedInEdge,true,2,0,1,1
750,ContainedInEdge,true,3,0,2,1
751,ContainedInEdge,true,3,0,2,1
752,ContainedInEdge,true,2,0,1,1
753,ContainedInEdge,true,2,0,1,1
754,ContainedInEdge,true,3,0,2,1
755,ContainedInEdge,true,2,0,1,1
756,ContainedInEdge,true,3,0,2,1
757,ContainedInEdge,true,3,0,2,1
758,ContainedInEdge,true,3,0,2,1
759,ContainedInEdge,true,2,0,1,1
760,ContainedInEdge,true,3,0,2,1
761,ContainedInEdge,true,2,0,1,1
762,ContainedInEdge,true,4,0,3,1
763,ContainedInEdge,true,2,0,1,1
764,ContainedInEdge,true,3,0,2,1
765,ContainedInEdge,true,4,0,3,1
766,ContainedInEdge,true,3,0,2,1
767,ContainedInEdge,true,3,0,2,1
768,ContainedInEdge,true,4,0,3,1
769,ContainedInEdge,true,3,0,2,1
770,ContainedInEdge,true,3,0,2,1
771,ContainedInEdge,true,2,0,1,1
772,ContainedInEdge,true,3,0,2,1
773,ContainedInEdge,true,2,0,1,1
774,ContainedInEdge,true,3,0,2,1
775,ContainedInEdge,true,2,0,1,1
776,ContainedInEdge,true,3,0,2,1
777,ContainedInEdge,true,3,0,2,1
778,ContainedInEdge,true,3,0,2,1
779,ContainedInEdge,true,3,0,2,1
780,ContainedInEdge,true,2,0,1,1
781,ContainedInEdge,true,2,0,1,1
782,ContainedInEdge,true,3,0,2,1
783,ContainedInEdge,true,2,0,1,1
784,ContainedInEdge,true,3,0,2,1
785,ContainedInEdge,true,4,0,3,1
786,ContainedInEdge,true,3,0,2,1
787,ContainedInEdge,true,2,0,1,1
788,ContainedInEdge,true,2,0,1,1
789,ContainedInEdge,true,3,0,2,1
790,ContainedInEdge,true,3,0,2,1
791,ContainedInEdge,true,3,0,2,1
792,ContainedInEdge,true,2,0,1,1
793,ContainedInEdge,true,3,0,2,1
794,ContainedInEdge,true,3,0,2,1
795,ContainedInEdge,true,3,0,2,1
796,ContainedInEdge,true,2,0,1,1
797,ContainedInEdge,true,3,0,2,1
798,ContainedInEdge,true,3,0,2,1
799,ContainedInEdge,true,3,0,2,1
800,ContainedInEdge,true,2,0,1,1
801,ContainedInEdge,true,3,0,2,1
802,ContainedInEdge,true,3,0,2,1
803,ContainedInEdge,true,3,0,2,1
804,ContainedInEdge,true,2,0,1,1
805,ContainedInEdge,true,2,0,1,1
806,ContainedInEdge,true,2,0,1,1
807,ContainedInEdge,true,3,0,2,1
808,ContainedInEdge,true,4,0,3,1
809,ContainedInEdge,true,3,0,2,1
810,ContainedInEdge,true,2,0,1,1
811,ContainedInEdge,true,2,0,1,1
812,ContainedInEdge,true,2,0,1,1
813,ContainedInEdge,true,3,0,2,1
814,ContainedInEdge,true,2,0,1,1
815,ContainedInEdge,true,3,0,2,1
816,ContainedInEdge,true,2,0,1,1
817,ContainedInEdge,true,4,0,3,1
818,ContainedInEdge,true,3,0,2,1
819,ContainedInEdge,true,2,0,1,1
820,ContainedInEdge,true,2,0,1,1
821,ContainedInEdge,true,4,0,3,1
822,ContainedInEdge,true,2,0,1,1
823,ContainedInEdge,true,2,0,1,1
824,ContainedInEdge,true,2,0,1,1
825,ContainedInEdge,true,2,0,1,1
826,ContainedInEdge,true,3,0,2,1
827,ContainedInEdge,true,2,0,1,1
828,ContainedInEdge,true,3,0,2,1
829,ContainedInEdge,true,3,0,2,1
830,ContainedInEdge,true,4,0,3,1
831,ContainedInEdge,true,2,0,1,1
832,ContainedInEdge,true,2,0,1,1
833,ContainedInEdge,true,2,0,1,1
834,ContainedInEdge,true,3,0,2,1
835,ContainedInEdge,true,3,0,2,1
836,ContainedInEdge,true,3,0,2,1
837,ContainedInEdge,true,2,0,1,1
838,ContainedInEdge,true,3,0,2,1
839,ContainedInEdge,true,2,0,1,1
840,ContainedInEdge,true,3,0,2,1
841,ContainedInEdge,true,2,0,1,1
842,ContainedInEdge,true,3,0,2,1
843,ContainedInEdge,true,2,0,1,1
844,ContainedInEdge,true,2,0,1,1
845,ContainedInEdge,true,3,0,2,1
846,ContainedInEdge,true,2,0,1,1
847,ContainedInEdge,true,3,0,2,1
848,ContainedInEdge,true,3,0,2,1
849,ContainedInEdge,true,4,0,3,1
850,ContainedInEdge,true,2,0,1,1
851,ContainedInEdge,true,3,0,2,1
852,ContainedInEdge,true,3,0,2,1
853,ContainedInEdge,true,2,0,1,1
854,ContainedInEdge,true,2,0,1,1
855,ContainedInEdge,true,2,0,1,1
856,ContainedInEdge,true,4,0,3,1
857,ContainedInEdge,true,2,0,1,1
858,ContainedInEdge,true,3,0,2,1
859,ContainedInEdge,true,2,0,1,1
860,ContainedInEdge,true,2,0,1,1
861,ContainedInEdge,true,3,0,2,1
862,ContainedInEdge,true,3,0,2,1
863,ContainedInEdge,true,2,0,1,1
864,ContainedInEdge,true,3,0,2,1
865,ContainedInEdge,true,2,0,1,1
866,ContainedInEdge,true,2,0,1,1
867,ContainedInEdge,true,2,0,1,1
868,ContainedInEdge,true,3,0,2,1
869,ContainedInEdge,true,2,0,1,1
870,ContainedInEdge,true,2,0,1,1
871,ContainedInEdge,true,2,0,1,1
872,ContainedInEdge,true,3,0,2,1
873,ContainedInEdge,true,3,0,2,1
874,ContainedInEdge,true,3,0,2,1
875,ContainedInEdge,true,3,0,2,1
876,ContainedInEdge,true,2,0,1,1
877,ContainedInEdge,true,2,0,1,1
878,ContainedInEdge,true,3,0,2,1
879,ContainedInEdge,true,3,0,2,1
880,ContainedInEdge,true,2,0,1,1
881,ContainedInEdge,true,3,0,2,1
882,ContainedInEdge,true,3,0,2,1
883,ContainedInEdge,true,2,0,1,1
884,ContainedInEdge,true,3,0,2,1
885,ContainedInEdge,true,3,0,2,1
886,ContainedInEdge,true,3,0,2,1
887,ContainedInEdge,true,2,0,1,1
888,ContainedInEdge,true,2,0,1,1
889,ContainedInEdge,true,3,0,2,1
890,ContainedInEdge,true,3,0,2,1
891,ContainedInEdge,true,2,0,1,1
892,ContainedInEdge,true,2,0,1,1
893,ContainedInEdge,true,2,0,1,1
894,ContainedInEdge,true,2,0,1,1
895,ContainedInEdge,true,3,0,2,1
896,ContainedInEdge,true,2,0,1,1
897,ContainedInEdge,true,3,0,2,1
898,ContainedInEdge,true,3,0,2,1
899,ContainedInEdge,true,3,0,2,1
900,ContainedInEdge,true,3,0,2,1
901,ContainedInEdge,true,3,0,2,1
902,ContainedInEdge,true,3,0,2,1
903,ContainedInEdge,true,3,0,2,1
904,ContainedInEdge,true,3,0,2,1
905,ContainedInEdge,true,2,0,1,1
906,ContainedInEdge,true,3,0,2,1
907,ContainedInEdge,true,3,0,2,1
908,ContainedInEdge,true,3,0,2,1
909,ContainedInEdge,true,2,0,1,1
910,ContainedInEdge,true,3,0,2,1
911,ContainedInEdge,true,3,0,2,1
912,ContainedInEdge,true,3,0,2,1
913,ContainedInEdge,true,3,0,2,1
914,ContainedInEdge,true,4,0,3,1
915,ContainedInEdge,true,2,0,1,1
916,ContainedInEdge,true,3,0,2,1
917,ContainedInEdge,true,3,0,2,1
918,ContainedInEdge,true,2,0,1,1
919,ContainedInEdge,true,2,0,1,1
920,ContainedInEdge,true,3,0,2,1
921,ContainedInEdge,true,3,0,2,1
922,ContainedInEdge,true,3,0,2,1
923,ContainedInEdge,true,2,0,1,1
924,ContainedInEdge,true,2,0,1,1
925,ContainedInEdge,true,3,0,2,1
926,ContainedInEdge,true,3,0,2,1
927,ContainedInEdge,true,3,0,2,1
928,ContainedInEdge,true,2,0,1,1
929,ContainedInEdge,true,3,0,2,1
930,ContainedInEdge,true,2,0,1,1
931,ContainedInEdge,true,2,0,1,1
932,ContainedInEdge,true,3,0,2,1
933,ContainedInEdge,true,2,0,1,1
934,ContainedInEdge,true,2,0,1,1
935,ContainedInEdge,true,3,0,2,1
936,ContainedInEdge,true,3,0,2,1
937,ContainedInEdge,true,2,0,1,1
938,ContainedInEdge,true,2,0,1,1
939,ContainedInEdge,true,2,0,1,1
940,ContainedInEdge,true,2,0,1,1
941,ContainedInEdge,true,2,0,1,1
942,ContainedInEdge,true,3,0,2,1
943,ContainedInEdge,true,3,0,2,1
944,ContainedInEdge,true,4,0,3,1
945,ContainedInEdge,true,3,0,2,1
946,ContainedInEdge,true,3,0,2,1
947,ContainedInEdge,true,3,0,2,1
948,ContainedInEdge,true,4,0,3,1
949,ContainedInEdge,true,3,0,2,1
950,ContainedInEdge,true,3,0,2,1
951,ContainedInEdge,true,2,0,1,1
952,ContainedInEdge,true,2,0,1,1
953,ContainedInEdge,true,2,0,1,1
954,ContainedInEdge,true,2,0,1,1
955,ContainedInEdge,true,3,0,2,1
956,ContainedInEdge,true,3,0,2,1
957,ContainedInEdge,true,2,0,1,1
958,ContainedInEdge,true,2,0,1,1
959,ContainedInEdge,true,3,0,2,1
960,ContainedInEdge,true,2,0,1,1
961,ContainedInEdge,true,3,0,2,1
962,ContainedInEdge,true,3,0,2,1
963,ContainedInEdge,true,3,0,2,1
964,ContainedInEdge,true,3,0,2,1
965,ContainedInEdge,true,3,0,2,1
966,ContainedInEdge,true,2,0,1,1
967,ContainedInEdge,true,3,0,2,1
968,ContainedInEdge,true,3,0,2,1
969,ContainedInEdge,true,2,0,1,1
970,ContainedInEdge,true,2,0,1,1
971,ContainedInEdge,true,3,0,2,1
972,ContainedInEdge,true,3,0,2,1
973,ContainedInEdge,true,2,0,1,1
974,ContainedInEdge,true,2,0,1,1
975,ContainedInEdge,true,3,0,2,1
976,ContainedInEdge,true,3,0,2,1
977,ContainedInEdge,true,3,0,2,1
978,ContainedInEdge,true,2,0,1,1
979,ContainedInEdge,true,3,0,2,1
980,ContainedInEdge,true,3,0,2,1
981,ContainedInEdge,true,3,0,2,1
982,ContainedInEdge,true,2,0,1,1
983,ContainedInEdge,true,3,0,2,1
984,ContainedInEdge,true,3,0,2,1
985,ContainedInEdge,true,2,0,1,1
986,ContainedInEdge,true,3,0,2,1
987,ContainedInEdge,true,3,0,2,1
988,ContainedInEdge,true,3,0,2,1
989,ContainedInEdge,true,3,0,2,1
990,ContainedInEdge,true,3,0,2,1
991,ContainedInEdge,true,2,0,1,1
992,ContainedInEdge,true,3,0,2,1
993,ContainedInEdge,true,2,0,1,1
994,ContainedInEdge,true,3,0,2,1
995,ContainedInEdge,true,2,0,1,1
996,ContainedInEdge,true,2,0,1,1
997,ContainedInEdge,true,3,0,2,1
998,ContainedInEdge,true,2,0,1,1
999,ContainedInEdge,true,3,0,2,1
1000,ContainedInEdge,true,3,0,2,1
1001,ContainedInEdge,true,3,0,2,1
1002,ContainedInEdge,true,2,0,1,1
1003,ContainedInEdge,true,2,0,1,1
1004,ContainedInEdge,true,3,0,2,1
1005,ContainedInEdge,true,2,0,1,1
1006,ContainedInEdge,true,3,0,2,1
1007,ContainedInEdge,true,2,0,1,1
1008,ContainedInEdge,true,2,0,1,1
1009,ContainedInEdge,true,2,0,1,1
1010,ContainedInEdge,true,3,0,2,1
1011,ContainedInEdge,true,3,0,2,1
1012,ContainedInEdge,true,2,0,1,1
1013,ContainedInEdge,true,3,0,2,1
1014,ContainedInEdge,true,3,0,2,1
1015,ContainedInEdge,true,3,0,2,1
1016,ContainedInEdge,true,3,0,2,1
1017,ContainedInEdge,true,2,0,1,1
1018,ContainedInEdge,true,3,0,2,1
1019,ContainedInEdge,true,3,0,2,1
1020,ContainedInEdge,true,2,0,1,1
1021,ContainedInEdge,true,3,0,2,1
1022,ContainedInEdge,true,3,0,2,1
1023,ContainedInEdge,true,3,0,2,1
1024,ContainedInEdge,true,2,0,1,1
1025,ContainedInEdge,true,2,0,1,1
1026,ContainedInEdge,true,2,0,1,1
1027,ContainedInEdge,true,2,0,1,1
1028,ContainedInEdge,true,2,0,1,1
1029,ContainedInEdge,true,2,0,1,1
1030,ContainedInEdge,true,3,0,2,1
1031,ContainedInEdge,true,3,0,2,1
1032,ContainedInEdge,true,3,0,2,1
1033,ContainedInEdge,true,3,0,2,1
1034,ContainedInEdge,true,2,0,1,1
1035,ContainedInEdge,true,3,0,2,1
1036,ContainedInEdge,true,2,0,1,1
1037,ContainedInEdge,true,3,0,2,1
1038,ContainedInEdge,true,2,0,1,1
1039,ContainedInEdge,true,3,0,2,1
1040,ContainedInEdge,true,2,0,1,1
1041,ContainedInEdge,true,3,0,2,1
1042,ContainedInEdge,true,2,0,1,1
1043,ContainedInEdge,true,3,0,2,1
1044,ContainedInEdge,true,2,0,1,1
1045,ContainedInEdge,true,2,0,1,1
1046,ContainedInEdge,true,3,0,2,1
1047,ContainedInEdge,true,2,0,1,1
1048,ContainedInEdge,true,3,0,2,1
1049,ContainedInEdge,true,3,0,2,1
1050,ContainedInEdge,true,3,0,2,1
1051,ContainedInEdge,true,2,0,1,1
1052,ContainedInEdge,true,2,0,1,1
1053,ContainedInEdge,true,2,0,1,1
1054,ContainedInEdge,true,3,0,2,1
1055,ContainedInEdge,true,3,0,2,1
1056,ContainedInEdge,true,2,0,1,1
1057,ContainedInEdge,true,2,0,1,1
1058,ContainedInEdge,true,3,0,2,1
1059,ContainedInEdge,true,2,0,1,1
1060,ContainedInEdge,true,3,0,2,1
1061,ContainedInEdge,true,2,0,1,1
1062,ContainedInEdge,true,2,0,1,1
1063,ContainedInEdge,true,3,0,2,1
1064,ContainedInEdge,true,3,0,2,1
1065,ContainedInEdge,true,3,0,2,1
1066,ContainedInEdge,true,2,0,1,1
1067,ContainedInEdge,true,2,0,1,1
1068,ContainedInEdge,true,3,0,2,1
1069,ContainedInEdge,true,3,0,2,1
1070,ContainedInEdge,true,2,0,1,1
1071,ContainedInEdge,true,2,0,1,1
1072,ContainedInEdge,true,2,0,1,1
1073,ContainedInEdge,true,2,0,1,1
1074,ContainedInEdge,true,3,0,2,1
1075,ContainedInEdge,true,3,0,2,1
1076,ContainedInEdge,true,3,0,2,1
1077,ContainedInEdge,true,3,0,2,1
1078,ContainedInEdge,true,3,0,2,1
1079,ContainedInEdge,true,3,0,2,1
1080,ContainedInEdge,true,3,0,2,1
1081,ContainedInEdge,true,3,0,2,1
1082,ContainedInEdge,true,3,0,2,1
1083,ContainedInEdge,true,2,0,1,1
1084,ContainedInEdge,true,2,0,1,1
1085,ContainedInEdge,true,3,0,2,1
1086,ContainedInEdge,true,2,0,1,1
1087,ContainedInEdge,true,3,0,2,1
1088,ContainedInEdge,true,3,0,2,1
1089,ContainedInEdge,true,2,0,1,1
1090,ContainedInEdge,true,3,0,2,1
1091,ContainedInEdge,true,2,0,1,1
1092,ContainedInEdge,true,3,0,2,1
1093,ContainedInEdge,true,2,0,1,1
1094,ContainedInEdge,true,3,0,2,1
1095,ContainedInEdge,true,2,0,1,1
1096,ContainedInEdge,true,3,0,2,1
1097,ContainedInEdge,true,2,0,1,1
1098,ContainedInEdge,true,2,0,1,1
1099,ContainedInEdge,true,2,0,1,1
1100,ContainedInEdge,true,2,0,1,1
1101,ContainedInEdge,true,2,0,1,1
1102,ContainedInEdge,true,3,0,2,1
1103,ContainedInEdge,true,2,0,1,1
1104,ContainedInEdge,true,3,0,2,1
1105,ContainedInEdge,true,3,0,2,1
1106,ContainedInEdge,true,3,0,2,1
1107,ContainedInEdge,true,2,0,1,1
1108,ContainedInEdge,true,2,0,1,1
1109,ContainedInEdge,true,2,0,1,1
1110,ContainedInEdge,true,3,0,2,1
1111,ContainedInEdge,true,3,0,2,1
1112,ContainedInEdge,true,2,0,1,1
1113,ContainedInEdge,true,3,0,2,1
1114,ContainedInEdge,true,2,0,1,1
1115,ContainedInEdge,true,2,0,1,1
1116,ContainedInEdge,true,2,0,1,1
1117,ContainedInEdge,true,3,0,2,1
1118,ContainedInEdge,true,2,0,1,1
1119,ContainedInEdge,true,3,0,2,1
1120,ContainedInEdge,true,3,0,2,1
1121,ContainedInEdge,true,2,0,1,1
1122,ContainedInEdge,true,2,0,1,1
1123,ContainedInEdge,true,3,0,2,1
1124,ContainedInEdge,true,3,0,2,1
1125,ContainedInEdge,true,3,0,2,1
1126,ContainedInEdge,true,3,0,2,1
1127,ContainedInEdge,true,3,0,2,1
1128,ContainedInEdge,true,3,0,2,1
1129,ContainedInEdge,true,3,0,2,1
1130,ContainedInEdge,true,2,0,1,1
1131,ContainedInEdge,true,3,0,2,1
1132,ContainedInEdge,true,2,0,1,1
1133,ContainedInEdge,true,3,0,2,1
1134,ContainedInEdge,true,2,0,1,1
1135,ContainedInEdge,true,2,0,1,1
1136,ContainedInEdge,true,3,0,2,1
1137,ContainedInEdge,true,3,0,2,1
1138,ContainedInEdge,true,2,0,1,1
1139,ContainedInEdge,true,2,0,1,1
1140,ContainedInEdge,true,2,0,1,1
1141,ContainedInEdge,true,3,0,2,1
1142,ContainedInEdge,true,3,0,2,1
1143,ContainedInEdge,true,3,0,2,1
1144,ContainedInEdge,true,3,0,2,1
1145,ContainedInEdge,true,2,0,1,1
1146,ContainedInEdge,true,2,0,1,1
1147,ContainedInEdge,true,3,0,2,1
1148,ContainedInEdge,true,3,0,2,1
1149,ContainedInEdge,true,2,0,1,1
1150,ContainedInEdge,true,3,0,2,1
1151,ContainedInEdge,true,3,0,2,1
1152,ContainedInEdge,true,2,0,1,1
1153,ContainedInEdge,true,3,0,2,1
1154,ContainedInEdge,true,3,0,2,1
1155,ContainedInEdge,true,3,0,2,1
1156,ContainedInEdge,true,3,0,2,1
1157,ContainedInEdge,true,2,0,1,1
1158,ContainedInEdge,true,2,0,1,1
1159,ContainedInEdge,true,2,0,1,1
1160,ContainedInEdge,true,3,0,2,1
1161,ContainedInEdge,true,3,0,2,1
1162,ContainedInEdge,true,2,0,1,1
1163,ContainedInEdge,true,3,0,2,1
1164,ContainedInEdge,true,2,0,1,1
1165,ContainedInEdge,true,2,0,1,1
1166,ContainedInEdge,true,2,0,1,1
1167,ContainedInEdge,true,2,0,1,1
1168,ContainedInEdge,true,3,0,2,1
1169,ContainedInEdge,true,3,0,2,1
1170,ContainedInEdge,true,2,0,1,1
1171,ContainedInEdge,true,3,0,2,1
1172,ContainedInEdge,true,3,0,2,1
1173,ContainedInEdge,true,3,0,2,1
1174,ContainedInEdge,true,3,0,2,1
1175,ContainedInEdge,true,2,0,1,1
1176,ContainedInEdge,true,3,0,2,1
1177,ContainedInEdge,true,2,0,1,1
1178,ContainedInEdge,true,3,0,2,1
1179,ContainedInEdge,true,3,0,2,1
1180,ContainedInEdge,true,3,0,2,1
1181,ContainedInEdge,true,3,0,2,1
1182,ContainedInEdge,true,3,0,2,1
1183,ContainedInEdge,true,3,0,2,1
1184,ContainedInEdge,true,4,0,3,1
1185,ContainedInEdge,true,3,0,2,1
1186,ContainedInEdge,true,3,0,2,1
1187,ContainedInEdge,true,2,0,1,1
1188,ContainedInEdge,true,3,0,2,1
1189,ContainedInEdge,true,2,0,1,1
1190,ContainedInEdge,true,2,0,1,1
1191,ContainedInEdge,true,3,0,2,1
1192,ContainedInEdge,true,3,0,2,1
1193,ContainedInEdge,true,3,0,2,1
1194,ContainedInEdge,true,3,0,2,1
1195,ContainedInEdge,true,4,0,3,1
1196,ContainedInEdge,true,2,0,1,1
1197,ContainedInEdge,true,2,0,1,1
1198,ContainedInEdge,true,3,0,2,1
1199,ContainedInEdge,true,3,0,2,1
1200,ContainedInEdge,true,3,0,2,1
1201,ContainedInEdge,true,3,0,2,1
1202,ContainedInEdge,true,3,0,2,1
1203,ContainedInEdge,true,3,0,2,1
1204,ContainedInEdge,true,2,0,1,1
1205,ContainedInEdge,true,2,0,1,1
1206,ContainedInEdge,true,2,0,1,1
1207,ContainedInEdge,true,3,0,2,1
1208,ContainedInEdge,true,3,0,2,1
1209,ContainedInEdge,true,2,0,1,1
1210,ContainedInEdge,true,2,0,1,1
1211,ContainedInEdge,true,2,0,1,1
1212,ContainedInEdge,true,3,0,2,1
1213,ContainedInEdge,true,3,0,2,1
1214,ContainedInEdge,true,2,0,1,1
1215,ContainedInEdge,true,3,0,2,1
1216,ContainedInEdge,true,2,0,1,1
1217,ContainedInEdge,true,3,0,2,1
1218,ContainedInEdge,true,3,0,2,1
1219,ContainedInEdge,true,3,0,2,1
1220,ContainedInEdge,true,2,0,1,1
1221,ContainedInEdge,true,2,0,1,1
1222,ContainedInEdge,true,3,0,2,1
1223,ContainedInEdge,true,3,0,2,1
1224,ContainedInEdge,true,3,0,2,1
1225,ContainedInEdge,true,3,0,2,1
1226,ContainedInEdge,true,3,0,2,1
1227,ContainedInEdge,true,3,0,2,1
1228,ContainedInEdge,true,3,0,2,1
1229,ContainedInEdge,true,2,0,1,1
1230,ContainedInEdge,true,3,0,2,1
1231,ContainedInEdge,true,2,0,1,1
1232,ContainedInEdge,true,3,0,2,1
1233,ContainedInEdge,true,3,0,2,1
1234,ContainedInEdge,true,2,0,1,1
1235,ContainedInEdge,true,3,0,2,1
1236,ContainedInEdge,true,2,0,1,1
1237,ContainedInEdge,true,3,0,2,1
1238,ContainedInEdge,true,3,0,2,1
1239,ContainedInEdge,true,2,0,1,1
1240,ContainedInEdge,true,2,0,1,1
1241,ContainedInEdge,true,3,0,2,1
1242,ContainedInEdge,true,2,0,1,1
1243,ContainedInEdge,true,2,0,1,1
1244,ContainedInEdge,true,3,0,2,1
1245,ContainedInEdge,true,3,0,2,1
1246,ContainedInEdge,true,3,0,2,1
1247,ContainedInEdge,true,3,0,2,1
1248,ContainedInEdge,true,2,0,1,1
1249,ContainedInEdge,true,3,0,2,1
1250,ContainedInEdge,true,3,0,2,1
1251,ContainedInEdge,true,2,0,1,1
1252,ContainedInEdge,true,3,0,2,1
1253,ContainedInEdge,true,2,0,1,1
1254,ContainedInEdge,true,2,0,1,1
1255,ContainedInEdge,true,3,0,2,1
1256,ContainedInEdge,true,3,0,2,1
1257,ContainedInEdge,true,3,0,2,1
1258,ContainedInEdge,true,3,0,2,1
1259,ContainedInEdge,true,3,0,2,1
1260,ContainedInEdge,true,3,0,2,1
1261,ContainedInEdge,true,3,0,2,1
1262,ContainedInEdge,true,2,0,1,1
1263,ContainedInEdge,true,2,0,1,1
1264,ContainedInEdge,true,2,0,1,1
1265,ContainedInEdge,true,2,0,1,1
1266,ContainedInEdge,true,2,0,1,1
1267,ContainedInEdge,true,2,0,1,1
1268,ContainedInEdge,true,3,0,2,1
1269,ContainedInEdge,true,4,0,3,1
1270,ContainedInEdge,true,3,0,2,1
1271,ContainedInEdge,true,2,0,1,1
1272,ContainedInEdge,true,3,0,2,1
1273,ContainedInEdge,true,3,0,2,1
1274,ContainedInEdge,true,2,0,1,1
1275,ContainedInEdge,true,3,0,2,1
1276,ContainedInEdge,true,3,0,2,1
1277,ContainedInEdge,true,2,0,1,1
1278,ContainedInEdge,true,3,0,2,1
1279,ContainedInEdge,true,4,0,3,1
1280,ContainedInEdge,true,2,0,1,1
1281,ContainedInEdge,true,3,0,2,1
1282,ContainedInEdge,true,2,0,1,1
1283,ContainedInEdge,true,3,0,2,1
1284,ContainedInEdge,true,2,0,1,1
1285,ContainedInEdge,true,2,0,1,1
1286,ContainedInEdge,true,2,0,1,1
1287,ContainedInEdge,true,3,0,2,1
1288,ContainedInEdge,true,2,0,1,1
1289,ContainedInEdge,true,2,0,1,1
1290,ContainedInEdge,true,2,0,1,1
1291,ContainedInEdge,true,3,0,2,1
1292,ContainedInEdge,true,2,0,1,1
1293,ContainedInEdge,true,2,0,1,1
1294,ContainedInEdge,true,3,0,2,1
1295,ContainedInEdge,true,2,0,1,1
1296,ContainedInEdge,true,3,0,2,1
1297,ContainedInEdge,true,3,0,2,1
1298,ContainedInEdge,true,3,0,2,1
1299,ContainedInEdge,true,3,0,2,1
1300,ContainedInEdge,true,3,0,2,1
1301,ContainedInEdge,true,2,0,1,1
1302,ContainedInEdge,true,3,0,2,1
1303,ContainedInEdge,true,3,0,2,1
1304,ContainedInEdge,true,3,0,2,1
1305,ContainedInEdge,true,2,0,1,1
1306,ContainedInEdge,true,3,0,2,1
1307,ContainedInEdge,true,3,0,2,1
1308,ContainedInEdge,true,2,0,1,1
1309,ContainedInEdge,true,3,0,2,1
1310,ContainedInEdge,true,2,0,1,1
1311,ContainedInEdge,true,2,0,1,1
1312,ContainedInEdge,true,3,0,2,1
1313,ContainedInEdge,true,2,0,1,1
1314,ContainedInEdge,true,3,0,2,1
1315,ContainedInEdge,true,4,0,3,1
1316,ContainedInEdge,true,3,0,2,1
1317,ContainedInEdge,true,2,0,1,1
1318,ContainedInEdge,true,3,0,2,1
1319,ContainedInEdge,true,3,0,2,1
1320,ContainedInEdge,true,2,0,1,1
1321,ContainedInEdge,true,2,0,1,1
1322,ContainedInEdge,true,2,0,1,1
1323,ContainedInEdge,true,2,0,1,1
1324,ContainedInEdge,true,2,0,1,1
1325,ContainedInEdge,true,2,0,1,1
1326,ContainedInEdge,true,2,0,1,1
1327,ContainedInEdge,true,3,0,2,1
1328,ContainedInEdge,true,3,0,2,1
1329,ContainedInEdge,true,3,0,2,1
1330,ContainedInEdge,true,2,0,1,1
1331,ContainedInEdge,true,3,0,2,1
1332,ContainedInEdge,true,4,0,3,1
1333,ContainedInEdge,true,2,0,1,1
1334,ContainedInEdge,true,3,0,2,1
1335,ContainedInEdge,true,3,0,2,1
1336,ContainedInEdge,true,3,0,2,1
1337,ContainedInEdge,true,3,0,2,1
1338,ContainedInEdge,true,2,0,1,1
1339,ContainedInEdge,true,2,0,1,1
1340,ContainedInEdge,true,2,0,1,1
1341,ContainedInEdge,true,2,0,1,1
1342,ContainedInEdge,true,2,0,1,1
1343,ContainedInEdge,true,2,0,1,1
1344,ContainedInEdge,true,2,0,1,1
1345,ContainedInEdge,true,2,0,1,1
1346,ContainedInEdge,true,2,0,1,1
1347,ContainedInEdge,true,3,0,2,1
1348,ContainedInEdge,true,3,0,2,1
1349,ContainedInEdge,true,3,0,2,1
1350,ContainedInEdge,true,2,0,1,1
1351,ContainedInEdge,true,2,0,1,1
1352,ContainedInEdge,true,2,0,1,1
1353,ContainedInEdge,true,3,0,2,1
1354,ContainedInEdge,true,3,0,2,1
1355,ContainedInEdge,true,2,0,1,1
1356,ContainedInEdge,true,2,0,1,1
1357,ContainedInEdge,true,2,0,1,1
1358,ContainedInEdge,true,2,0,1,1
1359,ContainedInEdge,true,2,0,1,1
1360,ContainedInEdge,true,2,0,1,1
1361,ContainedInEdge,true,3,0,2,1
1362,ContainedInEdge,true,2,0,1,1
1363,ContainedInEdge,true,2,0,1,1
1364,ContainedInEdge,true,3,0,2,1
1365,ContainedInEdge,true,2,0,1,1
1366,ContainedInEdge,true,3,0,2,1
1367,ContainedInEdge,true,2,0,1,1
1368,ContainedInEdge,true,3,0,2,1
1369,ContainedInEdge,true,2,0,1,1
1370,ContainedInEdge,true,3,0,2,1
1371,ContainedInEdge,true,2,0,1,1
1372,ContainedInEdge,true,2,0,1,1
1373,ContainedInEdge,true,2,0,1,1
1374,ContainedInEdge,true,2,0,1,1
1375,ContainedInEdge,true,3,0,2,1
1376,ContainedInEdge,true,3,0,2,1
1377,ContainedInEdge,true,2,0,1,1
1378,ContainedInEdge,true,2,0,1,1
1379,ContainedInEdge,true,2,0,1,1
1380,ContainedInEdge,true,3,0,2,1
1381,ContainedInEdge,true,2,0,1,1
1382,ContainedInEdge,true,3,0,2,1
1383,ContainedInEdge,true,2,0,1,1
1384,ContainedInEdge,true,4,0,3,1
1385,ContainedInEdge,true,2,0,1,1
1386,ContainedInEdge,true,3,0,2,1
1387,ContainedInEdge,true,2,0,1,1
1388,ContainedInEdge,true,2,0,1,1
1389,ContainedInEdge,true,2,0,1,1
1390,ContainedInEdge,true,3,0,2,1
1391,ContainedInEdge,true,4,0,3,1
1392,ContainedInEdge,true,2,0,1,1
1393,ContainedInEdge,true,2,0,1,1
1394,ContainedInEdge,true,2,0,1,1
1395,ContainedInEdge,true,2,0,1,1
1396,ContainedInEdge,true,2,0,1,1
1397,ContainedInEdge,true,3,0,2,1
1398,ContainedInEdge,true,2,0,1,1
1399,ContainedInEdge,true,2,0,1,1
1400,ContainedInEdge,true,2,0,1,1
1401,ContainedInEdge,true,2,0,1,1
1402,ContainedInEdge,true,3,0,2,1
1403,ContainedInEdge,true,2,0,1,1
1404,ContainedInEdge,true,2,0,1,1
1405,ContainedInEdge,true,2,0,1,1
1406,ContainedInEdge,true,2,0,1,1
1407,ContainedInEdge,true,2,0,1,1
1408,ContainedInEdge,true,2,0,1,1
1409,ContainedInEdge,true,2,0,1,1
1410,ContainedInEdge,true,2,0,1,1
1411,ContainedInEdge,true,3,0,2,1
1412,ContainedInEdge,true,2,0,1,1
1413,ContainedInEdge,true,2,0,1,1
1414,ContainedInEdge,true,3,0,2,1
1415,ContainedInEdge,true,2,0,1,1
1416,ContainedInEdge,true,2,0,1,1
1417,ContainedInEdge,true,2,0,1,1
1418,ContainedInEdge,true,2,0,1,1
1419,ContainedInEdge,true,2,0,1,1
1420,ContainedInEdge,true,2,0,1,1
1421,ContainedInEdge,true,2,0,1,1
1422,ContainedInEdge,true,2,0,1,1
1423,ContainedInEdge,true,3,0,2,1
1424,ContainedInEdge,true,2,0,1,1
1425,ContainedInEdge,true,2,0,1,1
1426,ContainedInEdge,true,2,0,1,1
1427,ContainedInEdge,true,2,0,1,1
1428,ContainedInEdge,true,2,0,1,1
1429,ContainedInEdge,true,2,0,1,1
1430,ContainedInEdge,true,3,0,2,1
1431,ContainedInEdge,true,3,0,2,1
1432,ContainedInEdge,true,2,0,1,1
1433,ContainedInEdge,true,2,0,1,1
1434,ContainedInEdge,true,2,0,1,1
1435,ContainedInEdge,true,3,0,2,1
1436,ContainedInEdge,true,4,0,3,1
1437,ContainedInEdge,true,2,0,1,1
1438,ContainedInEdge,true,3,0,2,1
1439,ContainedInEdge,true,2,0,1,1
1440,ContainedInEdge,true,2,0,1,1
1441,ContainedInEdge,true,2,0,1,1
1442,ContainedInEdge,true,2,0,1,1
1443,ContainedInEdge,true,2,0,1,1
1444,ContainedInEdge,true,2,0,1,1
1445,ContainedInEdge,true,3,0,2,1
1446,ContainedInEdge,true,2,0,1,1
1447,ContainedInEdge,true,2,0,1,1
1448,ContainedInEdge,true,2,0,1,1
1449,ContainedInEdge,true,2,0,1,1
1450,ContainedInEdge,true,2,0,1,1
1451,ContainedInEdge,true,2,0,1,1
1452,ContainedInEdge,true,3,0,2,1
1453,ContainedInEdge,true,2,0,1,1
1454,ContainedInEdge,true,3,0,2,1
1455,ContainedInEdge,true,2,0,1,1
1456,ContainedInEdge,true,2,0,1,1
1457,ContainedInEdge,true,2,0,1,1
1458,ContainedInEdge,true,2,0,1,1
1459,ContainedInEdge,true,2,0,1,1
1460,ContainedInEdge,true,3,0,2,1
1461,ContainedInEdge,true,2,0,1,1
1462,ContainedInEdge,true,2,0,1,1
1463,ContainedInEdge,true,3,0,2,1
1464,ContainedInEdge,true,3,0,2,1
1465,ContainedInEdge,true,2,0,1,1
1466,ContainedInEdge,true,4,0,3,1
1467,ContainedInEdge,true,2,0,1,1
1468,ContainedInEdge,true,2,0,1,1
1469,ContainedInEdge,true,2,0,1,1
1470,ContainedInEdge,true,4,0,3,1
1471,ContainedInEdge,true,2,0,1,1
1472,ContainedInEdge,true,2,0,1,1
1473,ContainedInEdge,true,3,0,2,1
1474,ContainedInEdge,true,2,0,1,1
1475,ContainedInEdge,true,2,0,1,1
1476,ContainedInEdge,true,3,0,2,1
1477,ContainedInEdge,true,3,0,2,1
1478,ContainedInEdge,true,2,0,1,1
1479,ContainedInEdge,true,2,0,1,1
1480,ContainedInEdge,true,3,0,2,1
1481,ContainedInEdge,true,2,0,1,1
1482,ContainedInEdge,true,2,0,1,1
1483,ContainedInEdge,true,2,0,1,1
1484,ContainedInEdge,true,2,0,1,1
1485,ContainedInEdge,true,2,0,1,1
1486,ContainedInEdge,true,3,0,2,1
1487,ContainedInEdge,true,2,0,1,1
1488,ContainedInEdge,true,2,0,1,1
1489,ContainedInEdge,true,3,0,2,1
1490,ContainedInEdge,true,2,0,1,1
1491,ContainedInEdge,true,2,0,1,1
1492,ContainedInEdge,true,2,0,1,1
1493,ContainedInEdge,true,3,0,2,1
1494,ContainedInEdge,true,2,0,1,1
1495,ContainedInEdge,true,2,0,1,1
1496,ContainedInEdge,true,2,0,1,1
1497,ContainedInEdge,true,2,0,1,1
1498,ContainedInEdge,true,2,0,1,1
1499,ContainedInEdge,true,2,0,1,1
1500,ContainedInEdge,true,2,0,1,1
1501,ContainedInEdge,true,2,0,1,1
1502,ContainedInEdge,true,2,0,1,1
1503,ContainedInEdge,true,2,0,1,1
1504,ContainedInEdge,true,2,0,1,1
1505,ContainedInEdge,true,2,0,1,1
1506,ContainedInEdge,true,3,0,2,1
1507,ContainedInEdge,true,2,0,1,1
1508,ContainedInEdge,true,2,0,1,1
1509,ContainedInEdge,true,2,0,1,1
1510,ContainedInEdge,true,2,0,1,1
1511,ContainedInEdge,true,2,0,1,1
1512,ContainedInEdge,true,2,0,1,1
1513,ContainedInEdge,true,2,0,1,1
1514,ContainedInEdge,true,3,0,2,1
1515,ContainedInEdge,true,4,0,3,1
1516,ContainedInEdge,true,2,0,1,1
1517,ContainedInEdge,true,2,0,1,1
1518,ContainedInEdge,true,2,0,1,1
1519,ContainedInEdge,true,4,0,3,1
1520,ContainedInEdge,true,2,0,1,1
1521,ContainedInEdge,true,2,0,1,1
1522,ContainedInEdge,true,2,0,1,1
1523,ContainedInEdge,true,2,0,1,1
1524,ContainedInEdge,true,2,0,1,1
1525,ContainedInEdge,true,3,0,2,1
1526,ContainedInEdge,true,2,0,1,1
1527,ContainedInEdge,true,2,0,1,1
1528,ContainedInEdge,true,3,0,2,1
1529,ContainedInEdge,true,2,0,1,1
1530,ContainedInEdge,true,3,0,2,1
1531,ContainedInEdge,true,3,0,2,1
1532,ContainedInEdge,true,2,0,1,1
1533,ContainedInEdge,true,2,0,1,1
1534,ContainedInEdge,true,2,0,1,1
1535,ContainedInEdge,true,2,0,1,1
1536,ContainedInEdge,true,3,0,2,1
1537,ContainedInEdge,true,3,0,2,1
1538,ContainedInEdge,true,2,0,1,1
1539,ContainedInEdge,true,2,0,1,1
1540,ContainedInEdge,true,2,0,1,1
1541,ContainedInEdge,true,2,0,1,1
1542,ContainedInEdge,true,3,0,2,1
1543,ContainedInEdge,true,3,0,2,1
1544,ContainedInEdge,true,2,0,1,1
1545,ContainedInEdge,true,2,0,1,1
1546,ContainedInEdge,true,2,0,1,1
1547,ContainedInEdge,true,2,0,1,1
1548,ContainedInEdge,true,2,0,1,1
1549,ContainedInEdge,true,2,0,1,1
1550,ContainedInEdge,true,3,0,2,1
1551,ContainedInEdge,true,3,0,2,1
1552,ContainedInEdge,true,2,0,1,1
1553,ContainedInEdge,true,3,0,2,1
1554,ContainedInEdge,true,2,0,1,1
1555,ContainedInEdge,true,2,0,1,1
1556,ContainedInEdge,true,2,0,1,1
1557,ContainedInEdge,true,2,0,1,1
1558,ContainedInEdge,true,2,0,1,1
1559,ContainedInEdge,true,2,0,1,1
1560,ContainedInEdge,true,3,0,2,1
1561,ContainedInEdge,true,2,0,1,1
1562,ContainedInEdge,true,2,0,1,1
1563,ContainedInEdge,true,2,0,1,1
1564,ContainedInEdge,true,2,0,1,1
1565,ContainedInEdge,true,4,0,3,1
1566,ContainedInEdge,true,2,0,1,1
1567,ContainedInEdge,true,2,0,1,1
1568,ContainedInEdge,true,2,0,1,1
1569,ContainedInEdge,true,3,0,2,1
1570,ContainedInEdge,true,2,0,1,1
1571,ContainedInEdge,true,2,0,1,1
1572,ContainedInEdge,true,2,0,1,1
1573,ContainedInEdge,true,3,0,2,1
1574,ContainedInEdge,true,3,0,2,1
1575,ContainedInEdge,true,3,0,2,1
1576,ContainedInEdge,true,2,0,1,1
1577,ContainedInEdge,true,2,0,1,1
1578,ContainedInEdge,true,2,0,1,1
1579,ContainedInEdge,true,2,0,1,1
1580,ContainedInEdge,true,3,0,2,1
1581,ContainedInEdge,true,3,0,2,1
1582,ContainedInEdge,true,2,0,1,1
1583,ContainedInEdge,true,2,0,1,1
1584,ContainedInEdge,true,3,0,2,1
1585,ContainedInEdge,true,2,0,1,1
1586,ContainedInEdge,true,3,0,2,1
1587,ContainedInEdge,true,2,0,1,1
1588,ContainedInEdge,true,2,0,1,1
1589,ContainedInEdge,true,2,0,1,1
1590,ContainedInEdge,true,2,0,1,1
1591,ContainedInEdge,true,2,0,1,1
1592,ContainedInEdge,true,2,0,1,1
1593,ContainedInEdge,true,2,0,1,1
1594,ContainedInEdge,true,2,0,1,1
1595,ContainedInEdge,true,2,0,1,1
1596,ContainedInEdge,true,2,0,1,1
1597,ContainedInEdge,true,3,0,2,1
1598,ContainedInEdge,true,2,0,1,1
1599,ContainedInEdge,true,2,0,1,1
1600,ContainedInEdge,true,2,0,1,1
1601,ContainedInEdge,true,2,0,1,1
1602,ContainedInEdge,true,2,0,1,1
1603,ContainedInEdge,true,2,0,1,1
1604,ContainedInEdge,true,2,0,1,1
1605,ContainedInEdge,true,2,0,1,1
1606,ContainedInEdge,true,2,0,1,1
1607,ContainedInEdge,true,4,0,3,1
1608,ContainedInEdge,true,2,0,1,1
1609,ContainedInEdge,true,3,0,2,1
1610,ContainedInEdge,true,2,0,1,1
1611,ContainedInEdge,true,2,0,1,1
1612,ContainedInEdge,true,2,0,1,1
1613,ContainedInEdge,true,2,0,1,1
1614,ContainedInEdge,true,2,0,1,1
1615,ContainedInEdge,true,3,0,2,1
1616,ContainedInEdge,true,3,0,2,1
1617,ContainedInEdge,true,3,0,2,1
1618,ContainedInEdge,true,2,0,1,1
1619,ContainedInEdge,true,2,0,1,1
1620,ContainedInEdge,true,2,0,1,1
1621,ContainedInEdge,true,3,0,2,1
1622,ContainedInEdge,true,2,0,1,1
1623,ContainedInEdge,true,3,0,2,1
1624,ContainedInEdge,true,2,0,1,1
1625,ContainedInEdge,true,2,0,1,1
1626,ContainedInEdge,true,3,0,2,1
1627,ContainedInEdge,true,2,0,1,1
1628,ContainedInEdge,true,3,0,2,1
1629,ContainedInEdge,true,2,0,1,1
1630,ContainedInEdge,true,2,0,1,1
1631,ContainedInEdge,true,2,0,1,1
1632,ContainedInEdge,true,2,0,1,1
1633,ContainedInEdge,true,2,0,1,1
1634,ContainedInEdge,true,3,0,2,1
1635,ContainedInEdge,true,3,0,2,1
1636,ContainedInEdge,true,2,0,1,1
1637,ContainedInEdge,true,3,0,2,1
1638,ContainedInEdge,true,2,0,1,1
1639,ContainedInEdge,true,2,0,1,1
1640,ContainedInEdge,true,2,0,1,1
1641,ContainedInEdge,true,3,0,2,1
1642,ContainedInEdge,true,2,0,1,1
1643,ContainedInEdge,true,2,0,1,1
1644,ContainedInEdge,true,2,0,1,1
1645,ContainedInEdge,true,2,0,1,1
1646,ContainedInEdge,true,3,0,2,1
1647,ContainedInEdge,true,2,0,1,1
1648,ContainedInEdge,true,3,0,2,1
1649,ContainedInEdge,true,2,0,1,1
1650,ContainedInEdge,true,2,0,1,1
1651,ContainedInEdge,true,2,0,1,1
1652,ContainedInEdge,true,2,0,1,1
1653,ContainedInEdge,true,4,0,3,1
1654,ContainedInEdge,true,2,0,1,1
1655,ContainedInEdge,true,2,0,1,1
1656,ContainedInEdge,true,2,0,1,1
1657,ContainedInEdge,true,2,0,1,1
1658,ContainedInEdge,true,2,0,1,1
1659,ContainedInEdge,true,2,0,1,1
1660,ContainedInEdge,true,2,0,1,1
1661,ContainedInEdge,true,2,0,1,1
1662,ContainedInEdge,true,2,0,1,1
1663,ContainedInEdge,true,2,0,1,1
1664,ContainedInEdge,true,2,0,1,1
1665,ContainedInEdge,true,2,0,1,1
1666,ContainedInEdge,true,3,0,2,1
1667,ContainedInEdge,true,2,0,1,1
1668,ContainedInEdge,true,3,0,2,1
1669,ContainedInEdge,true,2,0,1,1
1670,ContainedInEdge,true,3,0,2,1
1671,ContainedInEdge,true,2,0,1,1
1672,ContainedInEdge,true,2,0,1,1
1673,ContainedInEdge,true,3,0,2,1
1674,ContainedInEdge,true,2,0,1,1
1675,ContainedInEdge,true,2,0,1,1
1676,ContainedInEdge,true,2,0,1,1
1677,ContainedInEdge,true,2,0,1,1
1678,ContainedInEdge,true,2,0,1,1
1679,ContainedInEdge,true,2,0,1,1
1680,ContainedInEdge,true,3,0,2,1
1681,ContainedInEdge,true,2,0,1,1
1682,ContainedInEdge,true,3,0,2,1
1683,ContainedInEdge,true,2,0,1,1
1684,ContainedInEdge,true,2,0,1,1
1685,ContainedInEdge,true,2,0,1,1
1686,ContainedInEdge,true,3,0,2,1
1687,ContainedInEdge,true,2,0,1,1
1688,ContainedInEdge,true,2,0,1,1
1689,ContainedInEdge,true,2,0,1,1
1690,ContainedInEdge,true,3,0,2,1
1691,ContainedInEdge,true,2,0,1,1
1692,ContainedInEdge,true,3,0,2,1
1693,ContainedInEdge,true,2,0,1,1
1694,ContainedInEdge,true,2,0,1,1
1695,ContainedInEdge,true,3,0,2,1
1696,ContainedInEdge,true,3,0,2,1
1697,ContainedInEdge,true,3,0,2,1
1698,ContainedInEdge,true,2,0,1,1
1699,ContainedInEdge,true,2,0,1,1
1700,ContainedInEdge,true,2,0,1,1
1701,ContainedInEdge,true,3,0,2,1
1702,ContainedInEdge,true,2,0,1,1
1703,ContainedInEdge,true,2,0,1,1
1704,ContainedInEdge,true,3,0,2,1
1705,ContainedInEdge,true,2,0,1,1
1706,ContainedInEdge,true,2,0,1,1
1707,ContainedInEdge,true,4,0,3,1
1708,ContainedInEdge,true,3,0,2,1
1709,ContainedInEdge,true,3,0,2,1
1710,ContainedInEdge,true,3,0,2,1
1711,ContainedInEdge,true,2,0,1,1
1712,ContainedInEdge,true,2,0,1,1
1713,ContainedInEdge,true,2,0,1,1
1714,ContainedInEdge,true,2,0,1,1
1715,ContainedInEdge,true,4,0,3,1
1716,ContainedInEdge,true,2,0,1,1
1717,ContainedInEdge,true,2,0,1,1
1718,ContainedInEdge,true,2,0,1,1
1719,ContainedInEdge,true,3,0,2,1
1720,ContainedInEdge,true,3,0,2,1
1721,ContainedInEdge,true,2,0,1,1
1722,ContainedInEdge,true,2,0,1,1
1723,ContainedInEdge,true,3,0,2,1
1724,ContainedInEdge,true,2,0,1,1
1725,ContainedInEdge,true,2,0,1,1
1726,ContainedInEdge,true,2,0,1,1
1727,ContainedInEdge,true,3,0,2,1
1728,ContainedInEdge,true,2,0,1,1
1729,ContainedInEdge,true,3,0,2,1
1730,ContainedInEdge,true,2,0,1,1
1731,ContainedInEdge,true,2,0,1,1
1732,ContainedInEdge,true,2,0,1,1
1733,ContainedInEdge,true,2,0,1,1
1734,ContainedInEdge,true,2,0,1,1
1735,ContainedInEdge,true,2,0,1,1
1736,ContainedInEdge,true,2,0,1,1
1737,ContainedInEdge,true,2,0,1,1
1738,ContainedInEdge,true,2,0,1,1
1739,ContainedInEdge,true,2,0,1,1
1740,ContainedInEdge,true,2,0,1,1
1741,ContainedInEdge,true,3,0,2,1
1742,ContainedInEdge,true,2,0,1,1
1743,ContainedInEdge,true,3,0,2,1
1744,ContainedInEdge,true,3,0,2,1
1745,ContainedInEdge,true,3,0,2,1
1746,ContainedInEdge,true,3,0,2,1
1747,ContainedInEdge,true,3,0,2,1
1748,ContainedInEdge,true,2,0,1,1
1749,ContainedInEdge,true,3,0,2,1
1750,ContainedInEdge,true,3,0,2,1
1751,ContainedInEdge,true,2,0,1,1
1752,ContainedInEdge,true,3,0,2,1
1753,ContainedInEdge,true,3,0,2,1
1754,ContainedInEdge,true,3,0,2,1
1755,ContainedInEdge,true,3,0,2,1
1756,ContainedInEdge,true,2,0,1,1
1757,ContainedInEdge,true,2,0,1,1
1758,ContainedInEdge,true,3,0,2,1
1759,ContainedInEdge,true,2,0,1,1
1760,ContainedInEdge,true,2,0,1,1
1761,ContainedInEdge,true,2,0,1,1
1762,ContainedInEdge,true,3,0,2,1
1763,ContainedInEdge,true,2,0,1,1
1764,ContainedInEdge,true,2,0,1,1
1765,ContainedInEdge,true,3,0,2,1
1766,ContainedInEdge,true,3,0,2,1
1767,ContainedInEdge,true,2,0,1,1
1768,ContainedInEdge,true,2,0,1,1
1769,ContainedInEdge,true,2,0,1,1
1770,ContainedInEdge,true,2,0,1,1
1771,ContainedInEdge,true,2,0,1,1
1772,ContainedInEdge,true,3,0,2,1
1773,ContainedInEdge,true,2,0,1,1
1774,ContainedInEdge,true,2,0,1,1
1775,ContainedInEdge,true,2,0,1,1
1776,ContainedInEdge,true,3,0,2,1
1777,ContainedInEdge,true,2,0,1,1
1778,ContainedInEdge,true,2,0,1,1
1779,ContainedInEdge,true,2,0,1,1
1780,ContainedInEdge,true,3,0,2,1
1781,ContainedInEdge,true,3,0,2,1
1782,ContainedInEdge,true,3,0,2,1
1783,ContainedInEdge,true,2,0,1,1
1784,ContainedInEdge,true,3,0,2,1
1785,ContainedInEdge,true,6,0,5,1
1786,ContainedInEdge,true,2,0,1,1
1787,ContainedInEdge,true,3,0,2,1
1788,ContainedInEdge,true,2,0,1,1
1789,ContainedInEdge,true,2,0,1,1
1790,ContainedInEdge,true,2,0,1,1
1791,ContainedInEdge,true,2,0,1,1
1792,ContainedInEdge,true,3,0,2,1
1793,ContainedInEdge,true,2,0,1,1
1794,ContainedInEdge,true,3,0,2,1
1795,ContainedInEdge,true,2,0,1,1
1796,ContainedInEdge,true,3,0,2,1
1797,ContainedInEdge,true,3,0,2,1
1798,ContainedInEdge,true,4,0,3,1
1799,ContainedInEdge,true,2,0,1,1
1800,ContainedInEdge,true,3,0,2,1
1801,ContainedInEdge,true,2,0,1,1
1802,ContainedInEdge,true,2,0,1,1
1803,ContainedInEdge,true,3,0,2,1
1804,ContainedInEdge,true,3,0,2,1
1805,ContainedInEdge,true,4,0,3,1
1806,ContainedInEdge,true,2,0,1,1
1807,ContainedInEdge,true,2,0,1,1
1808,ContainedInEdge,true,2,0,1,1
1809,ContainedInEdge,true,3,0,2,1
1810,ContainedInEdge,true,2,0,1,1
1811,ContainedInEdge,true,2,0,1,1
1812,ContainedInEdge,true,3,0,2,1
1813,ContainedInEdge,true,3,0,2,1
1814,ContainedInEdge,true,3,0,2,1
1815,ContainedInEdge,true,2,0,1,1
1816,ContainedInEdge,true,2,0,1,1
1817,ContainedInEdge,true,2,0,1,1
1818,ContainedInEdge,true,3,0,2,1
1819,ContainedInEdge,true,2,0,1,1
1820,ContainedInEdge,true,2,0,1,1
1821,ContainedInEdge,true,2,0,1,1
1822,ContainedInEdge,true,2,0,1,1
1823,ContainedInEdge,true,2,0,1,1
1824,ContainedInEdge,true,2,0,1,1
1825,ContainedInEdge,true,2,0,1,1
1826,ContainedInEdge,true,2,0,1,1
1827,ContainedInEdge,true,2,0,1,1
1828,ContainedInEdge,true,2,0,1,1
1829,ContainedInEdge,true,2,0,1,1
1830,ContainedInEdge,true,2,0,1,1
1831,ContainedInEdge,true,3,0,2,1
1832,ContainedInEdge,true,2,0,1,1
1833,ContainedInEdge,true,3,0,2,1
1834,ContainedInEdge,true,2,0,1,1
1835,ContainedInEdge,true,2,0,1,1
1836,ContainedInEdge,true,3,0,2,1
1837,ContainedInEdge,true,4,0,3,1
1838,ContainedInEdge,true,3,0,2,1
1839,ContainedInEdge,true,2,0,1,1
1840,ContainedInEdge,true,2,0,1,1
1841,ContainedInEdge,true,3,0,2,1
1842,ContainedInEdge,true,2,0,1,1
1843,ContainedInEdge,true,2,0,1,1
1844,ContainedInEdge,true,3,0,2,1
1845,ContainedInEdge,true,2,0,1,1
1846,ContainedInEdge,true,2,0,1,1
1847,ContainedInEdge,true,3,0,2,1
1848,ContainedInEdge,true,2,0,1,1
1849,ContainedInEdge,true,3,0,2,1
1850,ContainedInEdge,true,5,0,4,1
1851,ContainedInEdge,true,2,0,1,1
1852,ContainedInEdge,true,2,0,1,1
1853,ContainedInEdge,true,2,0,1,1
1854,ContainedInEdge,true,4,0,3,1
1855,ContainedInEdge,true,4,0,3,1
1856,ContainedInEdge,true,3,0,2,1
1857,ContainedInEdge,true,2,0,1,1
1858,ContainedInEdge,true,2,0,1,1
1859,ContainedInEdge,true,3,0,2,1
1860,ContainedInEdge,true,2,0,1,1
1861,ContainedInEdge,true,2,0,1,1
1862,ContainedInEdge,true,3,0,2,1
1863,ContainedInEdge,true,3,0,2,1
1864,ContainedInEdge,true,2,0,1,1
1865,ContainedInEdge,true,3,0,2,1
1866,ContainedInEdge,true,3,0,2,1
1867,ContainedInEdge,true,2,0,1,1
1868,ContainedInEdge,true,2,0,1,1
1869,ContainedInEdge,true,3,0,2,1
1870,ContainedInEdge,true,3,0,2,1
1871,ContainedInEdge,true,3,0,2,1
1872,ContainedInEdge,true,2,0,1,1
1873,ContainedInEdge,true,3,0,2,1
1874,ContainedInEdge,true,3,0,2,1
1875,ContainedInEdge,true,2,0,1,1
1876,ContainedInEdge,true,3,0,2,1
1877,ContainedInEdge,true,2,0,1,1
1878,ContainedInEdge,true,6,0,5,1
1879,ContainedInEdge,true,2,0,1,1
1880,ContainedInEdge,true,2,0,1,1
1881,ContainedInEdge,true,2,0,1,1
1882,ContainedInEdge,true,3,0,2,1
1883,ContainedInEdge,true,2,0,1,1
1884,ContainedInEdge,true,2,0,1,1
1885,ContainedInEdge,true,3,0,2,1
1886,ContainedInEdge,true,3,0,2,1
1887,ContainedInEdge,true,2,0,1,1
1888,ContainedInEdge,true,2,0,1,1
1889,ContainedInEdge,true,3,0,2,1
1890,ContainedInEdge,true,3,0,2,1
1891,ContainedInEdge,true,2,0,1,1
1892,ContainedInEdge,true,3,0,2,1
1893,ContainedInEdge,true,2,0,1,1
1894,ContainedInEdge,true,2,0,1,1
1895,ContainedInEdge,true,3,0,2,1
1896,ContainedInEdge,true,2,0,1,1
1897,ContainedInEdge,true,2,0,1,1
1898,ContainedInEdge,true,3,0,2,1
1899,ContainedInEdge,true,3,0,2,1
1900,ContainedInEdge,true,3,0,2,1
1901,ContainedInEdge,true,2,0,1,1
1902,ContainedInEdge,true,2,0,1,1
1903,ContainedInEdge,true,2,0,1,1
1904,ContainedInEdge,true,3,0,2,1
1905,ContainedInEdge,true,3,0,2,1
1906,ContainedInEdge,true,4,0,3,1
1907,ContainedInEdge,true,2,0,1,1
1908,ContainedInEdge,true,4,0,3,1
1909,ContainedInEdge,true,3,0,2,1
1910,ContainedInEdge,true,3,0,2,1
1911,ContainedInEdge,true,2,0,1,1
1912,ContainedInEdge,true,2,0,1,1
1913,ContainedInEdge,true,3,0,2,1
1914,ContainedInEdge,true,2,0,1,1
1915,ContainedInEdge,true,3,0,2,1
1916,ContainedInEdge,true,2,0,1,1
1917,ContainedInEdge,true,2,0,1,1
1918,ContainedInEdge,true,2,0,1,1
1919,ContainedInEdge,true,2,0,1,1
1920,ContainedInEdge,true,3,0,2,1
1921,ContainedInEdge,true,2,0,1,1
1922,ContainedInEdge,true,3,0,2,1
1923,ContainedInEdge,true,2,0,1,1
1924,ContainedInEdge,true,2,0,1,1
1925,ContainedInEdge,true,2,0,1,1
1926,ContainedInEdge,true,5,0,4,1
1927,ContainedInEdge,true,3,0,2,1
1928,ContainedInEdge,true,2,0,1,1
1929,ContainedInEdge,true,2,0,1,1
1930,ContainedInEdge,true,2,0,1,1
1931,ContainedInEdge,true,2,0,1,1
1932,ContainedInEdge,true,2,0,1,1
1933,ContainedInEdge,true,2,0,1,1
1934,ContainedInEdge,true,2,0,1,1
1935,ContainedInEdge,true,2,0,1,1
1936,ContainedInEdge,true,3,0,2,1
1937,ContainedInEdge,true,2,0,1,1
1938,ContainedInEdge,true,3,0,2,1
1939,ContainedInEdge,true,2,0,1,1
1940,ContainedInEdge,true,3,0,2,1
1941,ContainedInEdge,true,2,0,1,1
1942,ContainedInEdge,true,2,0,1,1
1943,ContainedInEdge,true,3,0,2,1
1944,ContainedInEdge,true,2,0,1,1
1945,ContainedInEdge,true,2,0,1,1
1946,ContainedInEdge,true,5,0,4,1
1947,ContainedInEdge,true,5,0,4,1
1948,ContainedInEdge,true,4,0,3,1
1949,ContainedInEdge,true,2,0,1,1
1950,ContainedInEdge,true,2,0,1,1
1951,ContainedInEdge,true,5,0,4,1
1952,ContainedInEdge,true,2,0,1,1
1953,ContainedInEdge,true,3,0,2,1
1954,ContainedInEdge,true,2,0,1,1
1955,ContainedInEdge,true,2,0,1,1
1956,ContainedInEdge,true,2,0,1,1
1957,ContainedInEdge,true,3,0,2,1
1958,ContainedInEdge,true,2,0,1,1
1959,ContainedInEdge,true,2,0,1,1
1960,ContainedInEdge,true,2,0,1,1
1961,ContainedInEdge,true,2,0,1,1
1962,ContainedInEdge,true,3,0,2,1
1963,ContainedInEdge,true,2,0,1,1
1964,ContainedInEdge,true,3,0,2,1
1965,ContainedInEdge,true,2,0,1,1
1966,ContainedInEdge,true,2,0,1,1
1967,ContainedInEdge,true,2,0,1,1
1968,ContainedInEdge,true,2,0,1,1
1969,ContainedInEdge,true,2,0,1,1
1970,ContainedInEdge,true,2,0,1,1
1971,ContainedInEdge,true,2,0,1,1
1972,ContainedInEdge,true,2,0,1,1
1973,ContainedInEdge,true,2,0,1,1
1974,ContainedInEdge,true,2,0,1,1
1975,ContainedInEdge,true,2,0,1,1
1976,ContainedInEdge,true,2,0,1,1
1977,ContainedInEdge,true,2,0,1,1
1978,ContainedInEdge,true,3,0,2,1
1979,ContainedInEdge,true,2,0,1,1
1980,ContainedInEdge,true,2,0,1,1
1981,ContainedInEdge,true,2,0,1,1
1982,ContainedInEdge,true,3,0,2,1
1983,ContainedInEdge,true,2,0,1,1
1984,ContainedInEdge,true,2,0,1,1
1985,ContainedInEdge,true,2,0,1,1
1986,ContainedInEdge,true,2,0,1,1
1987,ContainedInEdge,true,2,0,1,1
1988,ContainedInEdge,true,2,0,1,1
1989,ContainedInEdge,true,2,0,1,1
1990,ContainedInEdge,true,2,0,1,1
1991,ContainedInEdge,true,2,0,1,1
1992,ContainedInEdge,true,2,0,1,1
1993,ContainedInEdge,true,2,0,1,1
1994,ContainedInEdge,true,2,0,1,1
1995,ContainedInEdge,true,2,0,1,1
1996,ContainedInEdge,true,2,0,1,1
1997,ContainedInEdge,true,3,0,2,1
1998,ContainedInEdge,true,2,0,1,1
1999,ContainedInEdge,true,2,0,1,1
2000,ContainedInEdge,true,3,0,2,1
2001,ContainedInEdge,true,2,0,1,1
2002,ContainedInEdge,true,2,0,1,1
2003,ContainedInEdge,true,2,0,1,1
2004,ContainedInEdge,true,2,0,1,1
2005,ContainedInEdge,true,3,0,2,1
2006,ContainedInEdge,true,2,0,1,1
2007,ContainedInEdge,true,2,0,1,1
2008,ContainedInEdge,true,2,0,1,1
2009,ContainedInEdge,true,2,0,1,1
2010,ContainedInEdge,true,2,0,1,1
2011,ContainedInEdge,true,2,0,1,1
2012,ContainedInEdge,true,2,0,1,1
2013,ContainedInEdge,true,2,0,1,1
2014,ContainedInEdge,true,2,0,1,1
2015,ContainedInEdge,true,2,0,1,1
2016,ContainedInEdge,true,2,0,1,1
2017,ContainedInEdge,true,2,0,1,1
2018,ContainedInEdge,true,2,0,1,1
2019,ContainedInEdge,true,2,0,1,1
2020,ContainedInEdge,true,2,0,1,1
2021,ContainedInEdge,true,2,0,1,1
2022,ContainedInEdge,true,2,0,1,1
2023,ContainedInEdge,true,4,0,3,1
2024,ContainedInEdge,true,2,0,1,1
2025,ContainedInEdge,true,2,0,1,1
2026,ContainedInEdge,true,2,0,1,1
2027,ContainedInEdge,true,2,0,1,1
2028,ContainedInEdge,true,2,0,1,1
2029,ContainedInEdge,true,2,0,1,1
2030,ContainedInEdge,true,2,0,1,1
2031,ContainedInEdge,true,2,0,1,1
2032,ContainedInEdge,true,2,0,1,1
2033,ContainedInEdge,true,2,0,1,1
2034,ContainedInEdge,true,2,0,1,1
2035,ContainedInEdge,true,2,0,1,1
2036,ContainedInEdge,true,3,0,2,1
2037,ContainedInEdge,true,2,0,1,1
2038,ContainedInEdge,true,2,0,1,1
2039,ContainedInEdge,true,2,0,1,1
2040,ContainedInEdge,true,2,0,1,1
2041,ContainedInEdge,true,2,0,1,1
2042,ContainedInEdge,true,2,0,1,1
2043,ContainedInEdge,true,2,0,1,1
2044,ContainedInEdge,true,2,0,1,1
2045,ContainedInEdge,true,3,0,2,1
2046,ContainedInEdge,true,2,0,1,1
2047,ContainedInEdge,true,2,0,1,1
2048,ContainedInEdge,true,2,0,1,1
2049,ContainedInEdge,true,2,0,1,1
2050,ContainedInEdge,true,2,0,1,1
2051,ContainedInEdge,true,2,0,1,1
2052,ContainedInEdge,true,2,0,1,1
2053,ContainedInEdge,true,2,0,1,1
2054,ContainedInEdge,true,2,0,1,1
2055,ContainedInEdge,true,2,0,1,1
2056,ContainedInEdge,true,2,0,1,1
2057,ContainedInEdge,true,2,0,1,1
2058,ContainedInEdge,true,2,0,1,1
2059,ContainedInEdge,true,2,0,1,1
2060,ContainedInEdge,true,2,0,1,1
2061,ContainedInEdge,true,2,0,1,1
2062,ContainedInEdge,true,2,0,1,1
2063,ContainedInEdge,true,2,0,1,1
2064,ContainedInEdge,true,2,0,1,1
2065,ContainedInEdge,true,3,0,2,1
2066,ContainedInEdge,true,3,0,2,1
2067,ContainedInEdge,true,2,0,1,1
2068,ContainedInEdge,true,4,0,3,1
2069,ContainedInEdge,true,4,0,3,1
2070,ContainedInEdge,true,3,0,2,1
2071,ContainedInEdge,true,3,0,2,1
2072,ContainedInEdge,true,3,0,2,1
2073,ContainedInEdge,true,4,0,3,1
2074,ContainedInEdge,true,2,0,1,1
2075,ContainedInEdge,true,2,0,1,1
2076,ContainedInEdge,true,2,0,1,1
2077,ContainedInEdge,true,3,0,2,1
2078,ContainedInEdge,true,2,0,1,1
2079,ContainedInEdge,true,2,0,1,1
2080,ContainedInEdge,true,2,0,1,1
2081,ContainedInEdge,true,2,0,1,1
2082,ContainedInEdge,true,2,0,1,1
2083,ContainedInEdge,true,2,0,1,1
2084,ContainedInEdge,true,2,0,1,1
2085,ContainedInEdge,true,2,0,1,1
2086,ContainedInEdge,true,2,0,1,1
2087,ContainedInEdge,true,2,0,1,1
2088,ContainedInEdge,true,2,0,1,1
2089,ContainedInEdge,true,2,0,1,1
2090,ContainedInEdge,true,3,0,2,1
2091,ContainedInEdge,true,2,0,1,1
2092,ContainedInEdge,true,2,0,1,1
2093,ContainedInEdge,true,2,0,1,1
2094,ContainedInEdge,true,3,0,2,1
2095,ContainedInEdge,true,5,0,4,1
2096,ContainedInEdge,true,2,0,1,1
2097,ContainedInEdge,true,2,0,1,1
2098,ContainedInEdge,true,2,0,1,1
2099,ContainedInEdge,true,2,0,1,1
2100,ContainedInEdge,true,2,0,1,1
2101,ContainedInEdge,true,2,0,1,1
2102,ContainedInEdge,true,3,0,2,1
2103,ContainedInEdge,true,2,0,1,1
2104,ContainedInEdge,true,2,0,1,1
2105,ContainedInEdge,true,2,0,1,1
2106,ContainedInEdge,true,2,0,1,1
2107,ContainedInEdge,true,2,0,1,1
2108,ContainedInEdge,true,3,0,2,1
2109,ContainedInEdge,true,2,0,1,1
2110,ContainedInEdge,true,6,0,5,1
2111,ContainedInEdge,true,2,0,1,1
2112,ContainedInEdge,true,2,0,1,1
2113,ContainedInEdge,true,2,0,1,1
2114,ContainedInEdge,true,3,0,2,1
2115,ContainedInEdge,true,2,0,1,1
2116,ContainedInEdge,true,2,0,1,1
2117,ContainedInEdge,true,3,0,2,1
2118,ContainedInEdge,true,4,0,3,1
2119,ContainedInEdge,true,2,0,1,1
2120,ContainedInEdge,true,2,0,1,1
2121,ContainedInEdge,true,3,0,2,1
2122,ContainedInEdge,true,3,0,2,1
2123,ContainedInEdge,true,2,0,1,1
2124,ContainedInEdge,true,2,0,1,1
2125,ContainedInEdge,true,2,0,1,1
2126,ContainedInEdge,true,2,0,1,1
2127,ContainedInEdge,true,2,0,1,1
2128,ContainedInEdge,true,2,0,1,1
2129,ContainedInEdge,true,2,0,1,1
2130,ContainedInEdge,true,2,0,1,1
2131,ContainedInEdge,true,2,0,1,1
2132,ContainedInEdge,true,2,0,1,1
2133,ContainedInEdge,true,3,0,2,1
2134,ContainedInEdge,true,2,0,1,1
2135,ContainedInEdge,true,2,0,1,1
2136,ContainedInEdge,true,3,0,2,1
2137,ContainedInEdge,true,3,0,2,1
2138,ContainedInEdge,true,2,0,1,1
2139,ContainedInEdge,true,2,0,1,1
2140,ContainedInEdge,true,4,0,3,1
2141,ContainedInEdge,true,2,0,1,1
2142,ContainedInEdge,true,2,0,1,1
2143,ContainedInEdge,true,2,0,1,1
2144,ContainedInEdge,true,2,0,1,1
2145,ContainedInEdge,true,2,0,1,1
2146,ContainedInEdge,true,3,0,2,1
2147,ContainedInEdge,true,3,0,2,1
2148,ContainedInEdge,true,4,0,3,1
2149,ContainedInEdge,true,3,0,2,1
2150,ContainedInEdge,true,2,0,1,1
2151,ContainedInEdge,true,2,0,1,1
2152,ContainedInEdge,true,2,0,1,1
2153,ContainedInEdge,true,2,0,1,1
2154,ContainedInEdge,true,3,0,2,1
2155,ContainedInEdge,true,4,0,3,1
2156,ContainedInEdge,true,3,0,2,1
2157,ContainedInEdge,true,3,0,2,1
2158,ContainedInEdge,true,4,0,3,1
2159,ContainedInEdge,true,2,0,1,1
2160,ContainedInEdge,true,2,0,1,1
2161,ContainedInEdge,true,2,0,1,1
2162,ContainedInEdge,true,3,0,2,1
2163,ContainedInEdge,true,3,0,2,1
2164,ContainedInEdge,true,3,0,2,1
2165,ContainedInEdge,true,4,0,3,1
2166,ContainedInEdge,true,4,0,3,1
2167,ContainedInEdge,true,2,0,1,1
2168,ContainedInEdge,true,5,0,4,1
2169,ContainedInEdge,true,3,0,2,1
2170,ContainedInEdge,true,2,0,1,1
2171,ContainedInEdge,true,2,0,1,1
2172,ContainedInEdge,true,3,0,2,1
2173,ContainedInEdge,true,2,0,1,1
2174,ContainedInEdge,true,2,0,1,1
2175,ContainedInEdge,true,3,0,2,1
2176,ContainedInEdge,true,4,0,3,1
2177,ContainedInEdge,true,2,0,1,1
2178,ContainedInEdge,true,2,0,1,1
2179,ContainedInEdge,true,2,0,1,1
2180,ContainedInEdge,true,3,0,2,1
2181,ContainedInEdge,true,2,0,1,1
2182,ContainedInEdge,true,2,0,1,1
2183,ContainedInEdge,true,2,0,1,1
2184,ContainedInEdge,true,3,0,2,1
2185,ContainedInEdge,true,2,0,1,1
2186,ContainedInEdge,true,2,0,1,1
2187,ContainedInEdge,true,3,0,2,1
2188,ContainedInEdge,true,2,0,1,1
2189,ContainedInEdge,true,2,0,1,1
2190,ContainedInEdge,true,2,0,1,1
2191,ContainedInEdge,true,2,0,1,1
2192,ContainedInEdge,true,3,0,2,1
2193,ContainedInEdge,true,2,0,1,1
2194,ContainedInEdge,true,2,0,1,1
2195,ContainedInEdge,true,2,0,1,1
2196,ContainedInEdge,true,2,0,1,1
2197,ContainedInEdge,true,3,0,2,1
2198,ContainedInEdge,true,2,0,1,1
2199,ContainedInEdge,true,2,0,1,1
2200,ContainedInEdge,true,4,0,3,1
2201,ContainedInEdge,true,4,0,3,1
2202,ContainedInEdge,true,2,0,1,1
2203,ContainedInEdge,true,3,0,2,1
2204,ContainedInEdge,true,2,0,1,1
2205,ContainedInEdge,true,2,0,1,1
2206,ContainedInEdge,true,2,0,1,1
2207,ContainedInEdge,true,2,0,1,1
2208,ContainedInEdge,true,3,0,2,1
2209,ContainedInEdge,true,2,0,1,1
2210,ContainedInEdge,true,2,0,1,1
2211,ContainedInEdge,true,2,0,1,1
2212,ContainedInEdge,true,3,0,2,1
2213,ContainedInEdge,true,2,0,1,1
2214,ContainedInEdge,true,3,0,2,1
2215,ContainedInEdge,true,3,0,2,1
2216,ContainedInEdge,true,2,0,1,1
2217,ContainedInEdge,true,2,0,1,1
2218,ContainedInEdge,true,2,0,1,1
2219,ContainedInEdge,true,3,0,2,1
2220,ContainedInEdge,true,2,0,1,1
2221,ContainedInEdge,true,2,0,1,1
2222,ContainedInEdge,true,2,0,1,1
2223,ContainedInEdge,true,2,0,1,1
2224,ContainedInEdge,true,3,0,2,1
2225,ContainedInEdge,true,2,0,1,1
2226,ContainedInEdge,true,2,0,1,1
2227,ContainedInEdge,true,2,0,1,1
2228,ContainedInEdge,true,4,0,3,1
2229,ContainedInEdge,true,3,0,2,1
2230,ContainedInEdge,true,2,0,1,1
2231,ContainedInEdge,true,2,0,1,1
2232,ContainedInEdge,true,4,0,3,1
2233,ContainedInEdge,true,2,0,1,1
2234,ContainedInEdge,true,2,0,1,1
2235,ContainedInEdge,true,2,0,1,1
2236,ContainedInEdge,true,3,0,2,1
2237,ContainedInEdge,true,3,0,2,1
2238,ContainedInEdge,true,3,0,2,1
2239,ContainedInEdge,true,5,0,4,1
2240,ContainedInEdge,true,3,0,2,1
2241,ContainedInEdge,true,3,0,2,1
2242,ContainedInEdge,true,2,0,1,1
2243,ContainedInEdge,true,2,0,1,1
2244,ContainedInEdge,true,2,0,1,1
2245,ContainedInEdge,true,2,0,1,1
2246,ContainedInEdge,true,3,0,2,1
2247,ContainedInEdge,true,2,0,1,1
2248,ContainedInEdge,true,3,0,2,1
2249,ContainedInEdge,true,3,0,2,1
2250,ContainedInEdge,true,2,0,1,1
2251,ContainedInEdge,true,4,0,3,1
2252,ContainedInEdge,true,2,0,1,1
2253,ContainedInEdge,true,3,0,2,1
2254,ContainedInEdge,true,2,0,1,1
2255,ContainedInEdge,true,3,0,2,1
2256,ContainedInEdge,true,3,0,2,1
2257,ContainedInEdge,true,3,0,2,1
2258,ContainedInEdge,true,2,0,1,1
2259,ContainedInEdge,true,3,0,2,1
2260,ContainedInEdge,true,3,0,2,1
2261,ContainedInEdge,true,2,0,1,1
2262,ContainedInEdge,true,3,0,2,1
2263,ContainedInEdge,true,3,0,2,1
2264,ContainedInEdge,true,3,0,2,1
2265,ContainedInEdge,true,3,0,2,1
2266,ContainedInEdge,true,2,0,1,1
2267,ContainedInEdge,true,3,0,2,1
2268,ContainedInEdge,true,2,0,1,1
2269,ContainedInEdge,true,4,0,3,1
2270,ContainedInEdge,true,3,0,2,1
2271,ContainedInEdge,true,2,0,1,1
2272,ContainedInEdge,true,2,0,1,1
2273,ContainedInEdge,true,5,0,4,1
2274,ContainedInEdge,true,3,0,2,1
2275,ContainedInEdge,true,2,0,1,1
2276,ContainedInEdge,true,2,0,1,1
2277,ContainedInEdge,true,2,0,1,1
2278,ContainedInEdge,true,2,0,1,1
2279,ContainedInEdge,true,3,0,2,1
2280,ContainedInEdge,true,3,0,2,1
2281,ContainedInEdge,true,4,0,3,1
2282,ContainedInEdge,true,4,0,3,1
2283,ContainedInEdge,true,2,0,1,1
2284,ContainedInEdge,true,3,0,2,1
2285,ContainedInEdge,true,2,0,1,1
2286,ContainedInEdge,true,4,0,3,1
2287,ContainedInEdge,true,2,0,1,1
2288,ContainedInEdge,true,2,0,1,1
2289,ContainedInEdge,true,2,0,1,1
2290,ContainedInEdge,true,4,0,3,1
2291,ContainedInEdge,true,3,0,2,1
2292,ContainedInEdge,true,2,0,1,1
2293,ContainedInEdge,true,2,0,1,1
2294,ContainedInEdge,true,5,0,4,1
2295,ContainedInEdge,true,2,0,1,1
2296,ContainedInEdge,true,5,0,4,1
2297,ContainedInEdge,true,2,0,1,1
2298,ContainedInEdge,true,2,0,1,1
2299,ContainedInEdge,true,2,0,1,1
2300,ContainedInEdge,true,3,0,2,1
2301,ContainedInEdge,true,2,0,1,1
2302,ContainedInEdge,true,3,0,2,1
2303,ContainedInEdge,true,2,0,1,1
2304,ContainedInEdge,true,4,0,3,1
2305,ContainedInEdge,true,2,0,1,1
2306,ContainedInEdge,true,2,0,1,1
2307,ContainedInEdge,true,2,0,1,1
2308,ContainedInEdge,true,2,0,1,1
2309,ContainedInEdge,true,2,0,1,1
2310,ContainedInEdge,true,2,0,1,1
2311,ContainedInEdge,true,2,0,1,1
2312,ContainedInEdge,true,2,0,1,1
2313,ContainedInEdge,true,3,0,2,1
2314,ContainedInEdge,true,2,0,1,1
2315,ContainedInEdge,true,2,0,1,1
2316,ContainedInEdge,true,2,0,1,1
2317,ContainedInEdge,true,2,0,1,1
2318,ContainedInEdge,true,2,0,1,1
2319,ContainedInEdge,true,2,0,1,1
2320,ContainedInEdge,true,2,0,1,1
2321,ContainedInEdge,true,2,0,1,1
2322,ContainedInEdge,true,2,0,1,1
2323,ContainedInEdge,true,2,0,1,1
2324,ContainedInEdge,true,2,0,1,1
2325,ContainedInEdge,true,2,0,1,1
2326,ContainedInEdge,true,2,0,1,1
2327,ContainedInEdge,true,2,0,1,1
2328,ContainedInEdge,true,2,0,1,1
2329,ContainedInEdge,true,2,0,1,1
2330,ContainedInEdge,true,2,0,1,1
2331,ContainedInEdge,true,2,0,1,1
2332,ContainedInEdge,true,2,0,1,1
2333,ContainedInEdge,true,2,0,1,1
2334,ContainedInEdge,true,2,0,1,1
2335,ContainedInEdge,true,2,0,1,1
2336,ContainedInEdge,true,2,0,1,1
2337,ContainedInEdge,true,2,0,1,1
2338,ContainedInEdge,true,2,0,1,1
2339,ContainedInEdge,true,2,0,1,1
2340,ContainedInEdge,true,2,0,1,1
2341,ContainedInEdge,true,2,0,1,1
2342,ContainedInEdge,true,2,0,1,1
2343,ContainedInEdge,true,2,0,1,1
2344,ContainedInEdge,true,2,0,1,1
2345,ContainedInEdge,true,2,0,1,1
2346,ContainedInEdge,true,2,0,1,1
2347,ContainedInEdge,true,2,0,1,1
2348,ContainedInEdge,true,2,0,1,1
2349,ContainedInEdge,true,2,0,1,1
2350,ContainedInEdge,true,2,0,1,1
2351,ContainedInEdge,true,2,0,1,1
2352,ContainedInEdge,true,2,0,1,1
2353,ContainedInEdge,true,2,0,1,1
2354,ContainedInEdge,true,2,0,1,1
2355,ContainedInEdge,true,2,0,1,1
2356,ContainedInEdge,true,2,0,1,1
2357,ContainedInEdge,true,2,0,1,1
2358,ContainedInEdge,true,2,0,1,1
2359,ContainedInEdge,true,2,0,1,1
2360,ContainedInEdge,true,2,0,1,1
2361,ContainedInEdge,true,2,0,1,1
2362,ContainedInEdge,true,2,0,1,1
2363,ContainedInEdge,true,2,0,1,1
2364,ContainedInEdge,true,2,0,1,1
2365,ContainedInEdge,true,3,0,2,1
2366,ContainedInEdge,true,3,0,2,1
2367,ContainedInEdge,true,3,0,2,1
2368,ContainedInEdge,true,2,0,1,1
2369,ContainedInEdge,true,2,0,1,1
2370,ContainedInEdge,true,2,0,1,1
2371,ContainedInEdge,true,3,0,2,1
2372,ContainedInEdge,true,2,0,1,1
2373,ContainedInEdge,true,3,0,2,1
2374,ContainedInEdge,true,2,0,1,1
2375,ContainedInEdge,true,4,0,3,1
2376,ContainedInEdge,true,3,0,2,1
2377,ContainedInEdge,true,2,0,1,1
2378,ContainedInEdge,true,2,0,1,1
2379,ContainedInEdge,true,3,0,2,1
2380,ContainedInEdge,true,2,0,1,1
2381,ContainedInEdge,true,2,0,1,1
2382,ContainedInEdge,true,2,0,1,1
2383,ContainedInEdge,true,3,0,2,1
2384,ContainedInEdge,true,2,0,1,1
2385,ContainedInEdge,true,3,0,2,1
2386,ContainedInEdge,true,3,0,2,1
2387,ContainedInEdge,true,2,0,1,1
2388,ContainedInEdge,true,3,0,2,1
2389,ContainedInEdge,true,2,0,1,1
2390,ContainedInEdge,true,2,0,1,1
2391,ContainedInEdge,true,2,0,1,1
2392,ContainedInEdge,true,2,0,1,1
2393,ContainedInEdge,true,2,0,1,1
2394,ContainedInEdge,true,2,0,1,1
2395,ContainedInEdge,true,2,0,1,1
2396,ContainedInEdge,true,2,0,1,1
2397,ContainedInEdge,true,2,0,1,1
2398,ContainedInEdge,true,2,0,1,1
2399,ContainedInEdge,true,2,0,1,1
2400,ContainedInEdge,true,4,0,3,1
2401,ContainedInEdge,true,2,0,1,1
2402,ContainedInEdge,true,3,0,2,1
2403,ContainedInEdge,true,2,0,1,1
2404,ContainedInEdge,true,2,0,1,1
2405,ContainedInEdge,true,2,0,1,1
2406,ContainedInEdge,true,2,0,1,1
2407,ContainedInEdge,true,2,0,1,1
2408,ContainedInEdge,true,2,0,1,1
2409,ContainedInEdge,true,2,0,1,1
2410,ContainedInEdge,true,2,0,1,1
2411,ContainedInEdge,true,4,0,3,1
2412,ContainedInEdge,true,2,0,1,1
2413,ContainedInEdge,true,3,0,2,1
2414,ContainedInEdge,true,2,0,1,1
2415,ContainedInEdge,true,3,0,2,1
2416,ContainedInEdge,true,2,0,1,1
2417,ContainedInEdge,true,3,0,2,1
2418,ContainedInEdge,true,2,0,1,1
2419,ContainedInEdge,true,4,0,3,1
2420,ContainedInEdge,true,2,0,1,1
2421,ContainedInEdge,true,2,0,1,1
2422,ContainedInEdge,true,3,0,2,1
2423,ContainedInEdge,true,3,0,2,1
2424,ContainedInEdge,true,2,0,1,1
2425,ContainedInEdge,true,3,0,2,1
2426,ContainedInEdge,true,2,0,1,1
2427,ContainedInEdge,true,2,0,1,1
2428,ContainedInEdge,true,2,0,1,1
2429,ContainedInEdge,true,2,0,1,1
2430,ContainedInEdge,true,2,0,1,1
2431,ContainedInEdge,true,3,0,2,1
2432,ContainedInEdge,true,3,0,2,1
2433,ContainedInEdge,true,3,0,2,1
2434,ContainedInEdge,true,4,0,3,1
2435,ContainedInEdge,true,2,0,1,1
2436,ContainedInEdge,true,3,0,2,1
2437,ContainedInEdge,true,2,0,1,1
2438,ContainedInEdge,true,3,0,2,1
2439,ContainedInEdge,true,2,0,1,1
2440,ContainedInEdge,true,3,0,2,1
2441,ContainedInEdge,true,2,0,1,1
2442,ContainedInEdge,true,2,0,1,1
2443,ContainedInEdge,true,2,0,1,1
2444,ContainedInEdge,true,3,0,2,1
2445,ContainedInEdge,true,3,0,2,1
2446,ContainedInEdge,true,2,0,1,1
2447,ContainedInEdge,true,3,0,2,1
2448,ContainedInEdge,true,3,0,2,1
2449,ContainedInEdge,true,2,0,1,1
2450,ContainedInEdge,true,3,0,2,1
2451,ContainedInEdge,true,3,0,2,1
2452,ContainedInEdge,true,2,0,1,1
2453,ContainedInEdge,true,3,0,2,1
2454,ContainedInEdge,true,3,0,2,1
2455,ContainedInEdge,true,2,0,1,1
2456,ContainedInEdge,true,2,0,1,1
2457,ContainedInEdge,true,2,0,1,1
2458,ContainedInEdge,true,3,0,2,1
2459,ContainedInEdge,true,2,0,1,1
2460,ContainedInEdge,true,2,0,1,1
2461,ContainedInEdge,true,2,0,1,1
2462,ContainedInEdge,true,3,0,2,1
2463,ContainedInEdge,true,3,0,2,1
2464,ContainedInEdge,true,2,0,1,1
2465,ContainedInEdge,true,2,0,1,1
2466,ContainedInEdge,true,2,0,1,1
2467,ContainedInEdge,true,3,0,2,1
2468,ContainedInEdge,true,2,0,1,1
2469,ContainedInEdge,true,3,0,2,1
2470,ContainedInEdge,true,3,0,2,1
2471,ContainedInEdge,true,2,0,1,1
2472,ContainedInEdge,true,4,0,3,1
2473,ContainedInEdge,true,3,0,2,1
2474,ContainedInEdge,true,2,0,1,1
2475,ContainedInEdge,true,2,0,1,1
2476,ContainedInEdge,true,3,0,2,1
2477,ContainedInEdge,true,2,0,1,1
2478,ContainedInEdge,true,3,0,2,1
2479,ContainedInEdge,true,2,0,1,1
2480,ContainedInEdge,true,3,0,2,1
2481,ContainedInEdge,true,3,0,2,1
2482,ContainedInEdge,true,3,0,2,1
2483,ContainedInEdge,true,2,0,1,1
2484,ContainedInEdge,true,4,0,3,1
2485,ContainedInEdge,true,3,0,2,1
2486,ContainedInEdge,true,2,0,1,1
2487,ContainedInEdge,true,2,0,1,1
2488,ContainedInEdge,true,2,0,1,1
2489,ContainedInEdge,true,3,0,2,1
2490,ContainedInEdge,true,3,0,2,1
2491,ContainedInEdge,true,2,0,1,1
2492,ContainedInEdge,true,3,0,2,1
2493,ContainedInEdge,true,3,0,2,1
2494,ContainedInEdge,true,3,0,2,1
2495,ContainedInEdge,true,3,0,2,1
2496,ContainedInEdge,true,3,0,2,1
2497,ContainedInEdge,true,2,0,1,1
2498,ContainedInEdge,true,2,0,1,1
2499,ContainedInEdge,true,2,0,1,1
2500,ContainedInEdge,true,2,0,1,1
2501,ContainedInEdge,true,2,0,1,1
2502,ContainedInEdge,true,2,0,1,1
2503,ContainedInEdge,true,2,0,1,1
2504,ContainedInEdge,true,2,0,1,1
2505,ContainedInEdge,true,2,0,1,1
2506,ContainedInEdge,true,2,0,1,1
2507,ContainedInEdge,true,2,0,1,1
2508,ContainedInEdge,true,2,0,1,1
2509,ContainedInEdge,true,2,0,1,1
2510,ContainedInEdge,true,3,0,2,1
2511,ContainedInEdge,true,2,0,1,1
2512,ContainedInEdge,true,2,0,1,1
2513,ContainedInEdge,true,2,0,1,1
2514,ContainedInEdge,true,2,0,1,1
2515,ContainedInEdge,true,2,0,1,1
2516,ContainedInEdge,true,2,0,1,1
2517,ContainedInEdge,true,2,0,1,1
2518,ContainedInEdge,true,2,0,1,1
2519,ContainedInEdge,true,2,0,1,1
2520,ContainedInEdge,true,3,0,2,1
2521,ContainedInEdge,true,3,0,2,1
2522,ContainedInEdge,true,2,0,1,1
2523,ContainedInEdge,true,2,0,1,1
2524,ContainedInEdge,true,2,0,1,1
2525,ContainedInEdge,true,2,0,1,1
2526,ContainedInEdge,true,2,0,1,1
2527,ContainedInEdge,true,2,0,1,1
2528,ContainedInEdge,true,2,0,1,1
2529,ContainedInEdge,true,2,0,1,1
2530,ContainedInEdge,true,2,0,1,1
2531,ContainedInEdge,true,2,0,1,1
2532,ContainedInEdge,true,2,0,1,1
2533,ContainedInEdge,true,2,0,1,1
2534,ContainedInEdge,true,2,0,1,1
2535,ContainedInEdge,true,2,0,1,1
2536,ContainedInEdge,true,2,0,1,1
2537,ContainedInEdge,true,3,0,2,1
2538,ContainedInEdge,true,2,0,1,1
2539,ContainedInEdge,true,3,0,2,1
2540,ContainedInEdge,true,3,0,2,1
2541,ContainedInEdge,true,2,0,1,1
2542,ContainedInEdge,true,4,0,3,1
2543,ContainedInEdge,true,2,0,1,1
2544,ContainedInEdge,true,2,0,1,1
2545,ContainedInEdge,true,2,0,1,1
2546,ContainedInEdge,true,3,0,2,1
2547,ContainedInEdge,true,3,0,2,1
2548,ContainedInEdge,true,3,0,2,1
2549,ContainedInEdge,true,2,0,1,1
2550,ContainedInEdge,true,3,0,2,1
2551,ContainedInEdge,true,3,0,2,1
2552,ContainedInEdge,true,3,0,2,1
2553,ContainedInEdge,true,2,0,1,1
2554,ContainedInEdge,true,3,0,2,1
2555,ContainedInEdge,true,2,0,1,1
2556,ContainedInEdge,true,2,0,1,1
2557,ContainedInEdge,true,3,0,2,1
2558,ContainedInEdge,true,2,0,1,1
2559,ContainedInEdge,true,3,0,2,1
2560,ContainedInEdge,true,3,0,2,1
2561,ContainedInEdge,true,2,0,1,1
2562,ContainedInEdge,true,3,0,2,1
2563,ContainedInEdge,true,3,0,2,1
2564,ContainedInEdge,true,3,0,2,1
2565,ContainedInEdge,true,2,0,1,1
2566,ContainedInEdge,true,2,0,1,1
